season,date,home_team,away_team,home_score,away_score,status,target,home_code,away_code,h_pts,a_pts,home_form,home_avg_goals,away_form,away_avg_goals,home_rest,away_rest
2023,2023-09-23 14:00:00+00:00,Manchester City FC,Nottingham Forest FC,2.0,0.0,FINISHED,0,15,18,3,0,3.0,2.8,1.4,1.4,7,4
2023,2023-09-23 14:00:00+00:00,Crystal Palace FC,Fulham FC,0.0,0.0,FINISHED,1,7,9,1,1,1.4,1.2,1.4,1.0,7,7
2023,2023-09-23 16:30:00+00:00,Brentford FC,Everton FC,1.0,3.0,FINISHED,2,3,8,0,3,1.2,1.6,0.2,0.4,7,6
2023,2023-09-24 13:00:00+00:00,Arsenal FC,Tottenham Hotspur FC,2.0,2.0,FINISHED,1,1,22,1,1,2.6,1.8,2.6,2.6,6,7
2023,2023-09-24 13:00:00+00:00,Brighton & Hove Albion FC,AFC Bournemouth,3.0,1.0,FINISHED,0,4,0,3,0,2.4,3.0,0.6,0.8,7,7
2023,2023-09-24 13:00:00+00:00,Chelsea FC,Aston Villa FC,0.0,1.0,FINISHED,2,6,2,0,3,1.0,1.0,1.8,2.2,7,7
2023,2023-09-24 13:00:00+00:00,Liverpool FC,West Ham United FC,3.0,1.0,FINISHED,0,13,23,3,0,2.6,2.4,2.0,2.0,8,7
2023,2023-09-24 15:30:00+00:00,Sheffield United FC,Newcastle United FC,0.0,8.0,FINISHED,2,19,17,0,3,0.2,1.0,1.2,1.6,8,7
2023,2023-09-30 11:30:00+00:00,Aston Villa FC,Brighton & Hove Albion FC,6.0,1.0,FINISHED,0,2,4,3,0,2.4,2.2,2.4,2.8,5,5
2023,2023-09-30 14:00:00+00:00,West Ham United FC,Sheffield United FC,2.0,0.0,FINISHED,0,23,19,3,0,1.8,2.0,0.2,1.0,6,5
2023,2023-09-30 14:00:00+00:00,Newcastle United FC,Burnley FC,2.0,0.0,FINISHED,0,17,5,3,0,1.2,2.2,0.2,0.8,5,6
2023,2023-09-30 14:00:00+00:00,Wolverhampton Wanderers FC,Manchester City FC,2.0,1.0,FINISHED,0,24,15,3,0,0.8,1.2,3.0,2.6,7,7
2023,2023-09-30 14:00:00+00:00,Everton FC,Luton Town FC,1.0,2.0,FINISHED,2,8,14,0,3,0.8,1.0,0.2,0.6,6,7
2023,2023-09-30 14:00:00+00:00,AFC Bournemouth,Arsenal FC,0.0,4.0,FINISHED,2,0,1,0,3,0.4,0.8,2.2,1.8,6,6
2023,2023-09-30 14:00:00+00:00,Manchester United FC,Crystal Palace FC,0.0,1.0,FINISHED,2,16,7,0,3,1.2,1.2,1.0,1.0,6,7
2023,2023-09-30 16:30:00+00:00,Tottenham Hotspur FC,Liverpool FC,2.0,1.0,FINISHED,0,22,13,3,0,2.6,2.6,3.0,2.8,6,6
2023,2023-10-01 13:00:00+00:00,Nottingham Forest FC,Brentford FC,1.0,1.0,FINISHED,1,18,3,1,1,1.4,1.2,1.0,1.4,7,7
2023,2023-10-02 19:00:00+00:00,Fulham FC,Chelsea FC,0.0,2.0,FINISHED,2,9,6,0,3,1.0,0.8,0.8,0.8,9,8
2023,2023-10-03 18:30:00+00:00,Luton Town FC,Burnley FC,1.0,2.0,FINISHED,2,14,5,0,3,0.8,0.8,0.2,0.8,3,3
2023,2023-10-07 11:30:00+00:00,Luton Town FC,Tottenham Hotspur FC,0.0,1.0,FINISHED,2,14,22,0,3,0.8,1.0,2.6,2.6,3,6
2023,2023-10-07 14:00:00+00:00,Burnley FC,Chelsea FC,1.0,4.0,FINISHED,2,5,6,0,3,0.8,1.0,1.4,1.0,3,4
2023,2023-10-07 14:00:00+00:00,Everton FC,AFC Bournemouth,3.0,0.0,FINISHED,0,8,0,3,0,0.8,1.2,0.4,0.6,7,7
2023,2023-10-07 14:00:00+00:00,Fulham FC,Sheffield United FC,3.0,1.0,FINISHED,0,9,19,3,0,1.0,0.8,0.2,0.8,4,7
2023,2023-10-07 14:00:00+00:00,Manchester United FC,Brentford FC,2.0,1.0,FINISHED,0,16,3,3,0,1.2,1.2,0.6,1.0,7,6
2023,2023-10-07 16:30:00+00:00,Crystal Palace FC,Nottingham Forest FC,0.0,0.0,FINISHED,1,7,18,1,1,1.6,1.2,1.0,1.0,7,6
2023,2023-10-08 13:00:00+00:00,Brighton & Hove Albion FC,Liverpool FC,2.0,2.0,FINISHED,1,4,13,1,1,1.8,2.2,2.4,2.4,8,7
2023,2023-10-08 13:00:00+00:00,West Ham United FC,Newcastle United FC,2.0,2.0,FINISHED,1,23,17,1,1,1.8,1.8,1.8,2.6,7,7
2023,2023-10-08 13:00:00+00:00,Wolverhampton Wanderers FC,Aston Villa FC,1.0,1.0,FINISHED,1,24,2,1,1,1.4,1.4,2.4,2.6,7,8
2023,2023-10-08 15:30:00+00:00,Arsenal FC,Manchester City FC,1.0,0.0,FINISHED,0,1,15,3,0,2.2,2.4,2.4,2.6,8,8
2023,2023-10-21 11:30:00+00:00,Liverpool FC,Everton FC,2.0,0.0,FINISHED,0,13,8,3,0,2.0,2.4,1.4,1.8,12,13
2023,2023-10-21 14:00:00+00:00,Newcastle United FC,Crystal Palace FC,4.0,0.0,FINISHED,0,17,7,3,0,2.0,2.8,1.6,1.0,13,13
2023,2023-10-21 14:00:00+00:00,Manchester City FC,Brighton & Hove Albion FC,2.0,1.0,FINISHED,0,15,4,3,0,1.8,2.2,2.0,2.4,12,13
2023,2023-10-21 14:00:00+00:00,Nottingham Forest FC,Luton Town FC,2.0,2.0,FINISHED,1,18,14,1,1,1.2,0.6,0.8,0.8,13,14
2023,2023-10-21 14:00:00+00:00,AFC Bournemouth,Wolverhampton Wanderers FC,1.0,2.0,FINISHED,2,0,24,0,3,0.4,0.6,1.0,1.4,14,13
2023,2023-10-21 14:00:00+00:00,Brentford FC,Burnley FC,3.0,0.0,FINISHED,0,3,5,3,0,0.4,1.0,0.8,0.8,14,14
2023,2023-10-21 16:30:00+00:00,Chelsea FC,Arsenal FC,2.0,2.0,FINISHED,1,6,1,1,1,1.4,1.2,2.6,2.2,14,13
2023,2023-10-21 19:00:00+00:00,Sheffield United FC,Manchester United FC,1.0,2.0,FINISHED,2,19,16,0,3,0.2,0.8,1.2,1.0,14,14
2023,2023-10-22 15:30:00+00:00,Aston Villa FC,West Ham United FC,4.0,1.0,FINISHED,0,2,23,3,0,2.0,2.2,1.4,1.6,14,14
2023,2023-10-23 19:00:00+00:00,Tottenham Hotspur FC,Fulham FC,2.0,0.0,FINISHED,0,22,9,3,0,2.6,2.4,1.4,1.0,16,16
2023,2023-10-27 19:00:00+00:00,Crystal Palace FC,Tottenham Hotspur FC,1.0,2.0,FINISHED,2,7,22,0,3,1.0,0.4,2.6,1.8,6,4
2023,2023-10-28 11:30:00+00:00,Chelsea FC,Brentford FC,0.0,2.0,FINISHED,2,6,3,0,3,1.6,1.6,0.8,1.2,6,6
2023,2023-10-28 14:00:00+00:00,Arsenal FC,Sheffield United FC,5.0,0.0,FINISHED,0,1,19,3,0,2.2,2.0,0.0,0.6,6,6
2023,2023-10-28 14:00:00+00:00,AFC Bournemouth,Burnley FC,2.0,1.0,FINISHED,0,0,5,3,0,0.2,0.4,0.6,0.6,7,7
2023,2023-10-28 16:30:00+00:00,Wolverhampton Wanderers FC,Newcastle United FC,2.0,2.0,FINISHED,1,24,17,1,1,1.6,1.4,2.6,3.4,7,7
2023,2023-10-29 13:00:00+00:00,West Ham United FC,Everton FC,0.0,1.0,FINISHED,2,23,8,0,3,0.8,1.4,1.2,1.4,6,8
2023,2023-10-29 14:00:00+00:00,Aston Villa FC,Luton Town FC,3.0,1.0,FINISHED,0,2,14,3,0,2.6,3.0,1.0,1.2,6,8
2023,2023-10-29 14:00:00+00:00,Brighton & Hove Albion FC,Fulham FC,1.0,1.0,FINISHED,1,4,9,1,1,1.4,2.0,1.4,0.8,8,5
2023,2023-10-29 14:00:00+00:00,Liverpool FC,Nottingham Forest FC,3.0,0.0,FINISHED,0,13,18,3,0,2.0,2.2,0.8,0.8,8,8
2023,2023-10-29 15:30:00+00:00,Manchester United FC,Manchester City FC,0.0,3.0,FINISHED,2,16,15,0,3,1.8,1.2,1.8,1.6,7,8
2023,2023-11-04 12:30:00+00:00,Fulham FC,Manchester United FC,0.0,1.0,FINISHED,2,9,16,0,3,1.0,0.8,1.8,1.0,5,5
2023,2023-11-04 15:00:00+00:00,Manchester City FC,AFC Bournemouth,6.0,1.0,FINISHED,0,15,0,3,0,1.8,1.6,0.6,0.8,5,7
2023,2023-11-04 15:00:00+00:00,Brentford FC,West Ham United FC,3.0,2.0,FINISHED,0,3,23,3,0,1.4,1.6,0.8,1.2,7,6
2023,2023-11-04 15:00:00+00:00,Burnley FC,Crystal Palace FC,0.0,2.0,FINISHED,2,5,7,0,3,0.6,0.8,1.0,0.4,7,7
2023,2023-11-04 15:00:00+00:00,Everton FC,Brighton & Hove Albion FC,1.0,1.0,FINISHED,1,8,4,1,1,1.8,1.6,1.0,1.6,6,6
2023,2023-11-04 17:30:00+00:00,Newcastle United FC,Arsenal FC,1.0,0.0,FINISHED,0,17,1,3,0,2.2,3.6,2.2,2.8,7,7
2023,2023-11-05 14:00:00+00:00,Nottingham Forest FC,Aston Villa FC,2.0,0.0,FINISHED,0,18,2,3,0,0.6,0.6,2.6,3.0,7,7
2023,2023-11-05 16:30:00+00:00,Luton Town FC,Liverpool FC,1.0,1.0,FINISHED,1,14,13,1,1,0.8,1.2,2.0,2.2,7,7
2023,2023-11-06 20:00:00+00:00,Tottenham Hotspur FC,Chelsea FC,1.0,4.0,FINISHED,2,22,6,0,3,2.6,1.8,1.4,1.6,10,9
2023,2023-11-11 12:30:00+00:00,Wolverhampton Wanderers FC,Tottenham Hotspur FC,2.0,1.0,FINISHED,0,24,22,3,0,1.6,1.6,2.4,1.6,6,4
2023,2023-11-11 15:00:00+00:00,Arsenal FC,Burnley FC,3.0,1.0,FINISHED,0,1,5,3,0,2.0,2.4,0.6,0.8,6,7
2023,2023-11-11 15:00:00+00:00,Crystal Palace FC,Everton FC,2.0,3.0,FINISHED,2,7,8,0,3,1.4,0.8,1.4,1.2,7,7
2023,2023-11-11 15:00:00+00:00,Manchester United FC,Luton Town FC,1.0,0.0,FINISHED,0,16,14,3,0,1.8,1.0,0.4,1.0,7,5
2023,2023-11-11 17:30:00+00:00,AFC Bournemouth,Newcastle United FC,2.0,0.0,FINISHED,0,0,17,3,0,0.6,0.8,2.2,2.2,7,7
2023,2023-11-12 14:00:00+00:00,Aston Villa FC,Fulham FC,3.0,1.0,FINISHED,0,2,9,3,0,2.0,2.8,0.8,0.8,7,8
2023,2023-11-12 14:00:00+00:00,Brighton & Hove Albion FC,Sheffield United FC,1.0,1.0,FINISHED,1,4,19,1,1,0.6,1.2,0.6,0.8,7,7
2023,2023-11-12 14:00:00+00:00,Liverpool FC,Brentford FC,3.0,0.0,FINISHED,0,13,3,3,0,1.6,1.8,2.0,2.0,6,7
2023,2023-11-12 14:00:00+00:00,West Ham United FC,Nottingham Forest FC,3.0,2.0,FINISHED,0,23,18,3,0,0.8,1.4,1.2,1.0,7,7
2023,2023-11-12 16:30:00+00:00,Chelsea FC,Manchester City FC,4.0,4.0,FINISHED,1,6,15,1,1,2.0,2.4,1.8,2.4,5,8
2023,2023-11-25 12:30:00+00:00,Manchester City FC,Liverpool FC,1.0,1.0,FINISHED,1,15,13,1,1,2.0,3.0,2.2,2.2,12,12
2023,2023-11-25 15:00:00+00:00,Luton Town FC,Crystal Palace FC,2.0,1.0,FINISHED,0,14,7,3,0,0.4,0.8,0.8,1.0,14,14
2023,2023-11-25 15:00:00+00:00,Newcastle United FC,Chelsea FC,4.0,1.0,FINISHED,0,17,6,3,0,1.6,1.8,1.6,2.8,13,12
2023,2023-11-25 15:00:00+00:00,Nottingham Forest FC,Brighton & Hove Albion FC,2.0,3.0,FINISHED,2,18,4,0,3,1.0,1.2,0.8,1.2,13,13
2023,2023-11-25 15:00:00+00:00,Sheffield United FC,AFC Bournemouth,1.0,3.0,FINISHED,2,19,0,0,3,0.8,1.0,1.2,1.2,13,13
2023,2023-11-25 17:30:00+00:00,Brentford FC,Arsenal FC,0.0,1.0,FINISHED,2,3,1,0,3,1.8,1.8,2.0,2.2,13,14
2023,2023-11-26 14:00:00+00:00,Tottenham Hotspur FC,Aston Villa FC,1.0,2.0,FINISHED,2,22,2,0,3,1.8,1.4,2.0,2.2,15,14
2023,2023-11-26 16:30:00+00:00,Everton FC,Manchester United FC,0.0,3.0,FINISHED,2,8,16,0,3,2.0,1.6,2.4,1.2,15,15
2023,2023-11-27 20:00:00+00:00,Fulham FC,Wolverhampton Wanderers FC,3.0,2.0,FINISHED,0,9,24,3,0,0.8,1.0,1.6,1.6,15,16
2023,2023-12-02 15:00:00+00:00,Arsenal FC,Wolverhampton Wanderers FC,2.0,1.0,FINISHED,0,1,24,3,0,2.0,2.2,1.4,1.8,6,4
2023,2023-12-02 15:00:00+00:00,Brentford FC,Luton Town FC,3.0,1.0,FINISHED,0,3,14,3,0,1.8,1.6,1.0,1.2,6,7
2023,2023-12-02 17:30:00+00:00,Nottingham Forest FC,Everton FC,0.0,1.0,FINISHED,2,18,8,0,3,0.8,1.6,1.4,1.0,7,6
2023,2023-12-02 20:00:00+00:00,Newcastle United FC,Manchester United FC,1.0,0.0,FINISHED,0,17,16,3,0,2.0,2.2,2.4,1.4,7,6
2023,2023-12-03 14:00:00+00:00,West Ham United FC,Crystal Palace FC,1.0,1.0,FINISHED,1,23,7,1,1,1.2,1.6,0.6,1.2,7,7
2023,2023-12-03 14:00:00+00:00,Liverpool FC,Fulham FC,4.0,3.0,FINISHED,0,13,9,3,0,2.2,2.0,0.8,1.0,8,5
2023,2023-12-03 14:00:00+00:00,Chelsea FC,Brighton & Hove Albion FC,3.0,2.0,FINISHED,0,6,4,3,0,1.0,2.2,1.2,1.4,7,7
2023,2023-12-03 14:00:00+00:00,AFC Bournemouth,Aston Villa FC,2.0,2.0,FINISHED,1,0,2,1,1,1.8,1.8,2.4,2.4,7,7
2023,2023-12-03 16:30:00+00:00,Manchester City FC,Tottenham Hotspur FC,3.0,3.0,FINISHED,1,15,22,1,1,2.2,3.2,1.2,1.4,8,7
2023,2023-12-05 19:30:00+00:00,Wolverhampton Wanderers FC,Burnley FC,1.0,0.0,FINISHED,0,24,5,3,0,0.8,1.6,0.6,1.6,3,3
2023,2023-12-05 20:15:00+00:00,Luton Town FC,Arsenal FC,3.0,4.0,FINISHED,2,14,1,0,3,0.8,1.0,2.4,2.2,3,3
2023,2023-12-06 19:30:00+00:00,Brighton & Hove Albion FC,Brentford FC,2.0,1.0,FINISHED,0,4,3,3,0,1.2,1.6,1.8,1.6,3,4
2023,2023-12-06 19:30:00+00:00,Fulham FC,Nottingham Forest FC,5.0,0.0,FINISHED,0,9,18,3,0,0.8,1.6,0.6,1.2,3,4
2023,2023-12-06 19:30:00+00:00,Sheffield United FC,Liverpool FC,0.0,2.0,FINISHED,2,19,13,0,3,0.8,0.8,2.2,2.4,4,3
2023,2023-12-06 19:30:00+00:00,Crystal Palace FC,AFC Bournemouth,0.0,2.0,FINISHED,2,7,0,0,3,0.8,1.4,2.0,2.0,3,3
2023,2023-12-06 20:15:00+00:00,Aston Villa FC,Manchester City FC,1.0,0.0,FINISHED,0,2,15,3,0,2.0,2.0,1.8,3.4,3,3
2023,2023-12-06 20:15:00+00:00,Manchester United FC,Chelsea FC,2.0,1.0,FINISHED,0,16,6,3,0,1.8,1.0,1.4,2.4,4,3
2023,2023-12-07 19:30:00+00:00,Everton FC,Newcastle United FC,3.0,0.0,FINISHED,0,8,17,3,0,2.0,1.2,2.0,1.6,5,4
2023,2023-12-07 20:15:00+00:00,Tottenham Hotspur FC,West Ham United FC,1.0,2.0,FINISHED,2,22,23,0,3,0.8,1.6,1.4,1.6,4,4
2023,2023-12-09 12:30:00+00:00,Crystal Palace FC,Liverpool FC,1.0,2.0,FINISHED,2,7,13,0,3,0.8,1.2,2.2,2.2,2,2
2023,2023-12-09 15:00:00+00:00,Wolverhampton Wanderers FC,Nottingham Forest FC,1.0,1.0,FINISHED,1,24,18,1,1,1.2,1.4,0.6,1.2,3,2
2023,2023-12-09 15:00:00+00:00,Sheffield United FC,Brentford FC,1.0,0.0,FINISHED,0,19,3,3,0,0.8,0.8,1.2,1.4,2,2
2023,2023-12-09 15:00:00+00:00,Brighton & Hove Albion FC,Burnley FC,1.0,1.0,FINISHED,1,4,5,1,1,1.6,1.8,0.6,1.4,2,3
2023,2023-12-09 15:00:00+00:00,Manchester United FC,AFC Bournemouth,0.0,3.0,FINISHED,2,16,0,0,3,2.4,1.4,2.0,2.0,2,2
2023,2023-12-09 17:30:00+00:00,Aston Villa FC,Arsenal FC,1.0,0.0,FINISHED,0,2,1,3,0,2.0,1.6,2.4,2.0,2,3
2023,2023-12-10 14:00:00+00:00,Everton FC,Chelsea FC,2.0,0.0,FINISHED,0,8,6,3,0,2.0,1.6,1.4,2.6,2,3
2023,2023-12-10 14:00:00+00:00,Fulham FC,West Ham United FC,5.0,0.0,FINISHED,0,9,23,3,0,1.2,2.4,2.0,2.0,3,2
2023,2023-12-10 14:00:00+00:00,Luton Town FC,Manchester City FC,1.0,2.0,FINISHED,2,14,15,0,3,0.8,1.4,1.2,2.8,4,3
2023,2023-12-10 16:30:00+00:00,Tottenham Hotspur FC,Newcastle United FC,4.0,1.0,FINISHED,0,22,17,3,0,0.2,1.4,1.8,1.2,2,2
2023,2023-12-15 20:00:00+00:00,Nottingham Forest FC,Tottenham Hotspur FC,0.0,2.0,FINISHED,2,18,22,0,3,0.2,1.0,0.8,2.0,6,5
2023,2023-12-16 15:00:00+00:00,Chelsea FC,Sheffield United FC,2.0,0.0,FINISHED,0,6,19,3,0,0.8,1.8,0.8,0.6,6,7
2023,2023-12-16 15:00:00+00:00,Manchester City FC,Crystal Palace FC,2.0,2.0,FINISHED,1,15,7,1,1,1.2,2.0,0.2,1.0,6,7
2023,2023-12-16 15:00:00+00:00,Newcastle United FC,Fulham FC,3.0,0.0,FINISHED,0,17,9,3,0,1.2,1.2,1.8,3.4,5,6
2023,2023-12-16 17:30:00+00:00,Burnley FC,Everton FC,0.0,2.0,FINISHED,2,5,8,0,3,0.8,1.6,2.4,1.8,7,6
2023,2023-12-17 14:00:00+00:00,Arsenal FC,Brighton & Hove Albion FC,2.0,0.0,FINISHED,0,1,4,3,0,2.4,2.0,1.6,1.8,7,7
2023,2023-12-17 14:00:00+00:00,Brentford FC,Aston Villa FC,1.0,2.0,FINISHED,2,3,2,0,3,0.6,0.8,2.6,1.8,7,7
2023,2023-12-17 14:00:00+00:00,West Ham United FC,Wolverhampton Wanderers FC,3.0,0.0,FINISHED,0,23,24,3,0,2.0,1.6,1.4,1.4,7,7
2023,2023-12-17 16:30:00+00:00,Liverpool FC,Manchester United FC,0.0,0.0,FINISHED,1,13,16,1,1,2.6,2.4,1.8,1.2,8,8
2023,2023-12-21 20:00:00+00:00,Crystal Palace FC,Brighton & Hove Albion FC,1.0,1.0,FINISHED,1,7,4,1,1,0.4,1.0,1.4,1.6,5,4
2023,2023-12-22 20:00:00+00:00,Aston Villa FC,Sheffield United FC,1.0,1.0,FINISHED,1,2,19,1,1,2.6,1.6,0.6,0.4,5,6
2023,2023-12-23 12:30:00+00:00,West Ham United FC,Manchester United FC,2.0,0.0,FINISHED,0,23,16,3,0,2.0,1.6,1.4,1.0,5,5
2023,2023-12-23 15:00:00+00:00,Fulham FC,Burnley FC,0.0,2.0,FINISHED,2,9,5,0,3,1.8,3.2,0.8,1.4,7,6
2023,2023-12-23 15:00:00+00:00,Luton Town FC,Newcastle United FC,1.0,0.0,FINISHED,0,14,17,3,0,0.6,1.4,1.8,1.8,13,7
2023,2023-12-23 15:00:00+00:00,Nottingham Forest FC,AFC Bournemouth,2.0,3.0,FINISHED,2,18,0,0,3,0.2,0.6,2.6,2.4,7,14
2023,2023-12-23 15:00:00+00:00,Tottenham Hotspur FC,Everton FC,2.0,1.0,FINISHED,0,22,8,3,0,1.4,2.2,2.4,1.6,7,6
2023,2023-12-23 17:30:00+00:00,Liverpool FC,Arsenal FC,1.0,1.0,FINISHED,1,13,1,1,1,2.2,1.8,2.4,1.8,6,6
2023,2023-12-24 13:00:00+00:00,Wolverhampton Wanderers FC,Chelsea FC,2.0,1.0,FINISHED,0,24,6,3,0,0.8,1.0,1.2,1.4,6,7
2023,2023-12-26 12:30:00+00:00,Newcastle United FC,Nottingham Forest FC,1.0,3.0,FINISHED,2,17,18,0,3,1.2,1.0,0.2,0.6,2,2
2023,2023-12-26 15:00:00+00:00,AFC Bournemouth,Fulham FC,3.0,0.0,FINISHED,0,0,9,3,0,2.6,2.6,1.2,2.6,3,3
2023,2023-12-26 15:00:00+00:00,Sheffield United FC,Luton Town FC,2.0,3.0,FINISHED,2,19,14,0,3,0.8,0.4,1.2,1.6,3,3
2023,2023-12-26 17:30:00+00:00,Burnley FC,Liverpool FC,0.0,2.0,FINISHED,2,5,13,0,3,1.4,1.6,2.2,1.8,3,3
2023,2023-12-26 20:00:00+00:00,Manchester United FC,Aston Villa FC,3.0,2.0,FINISHED,0,16,2,3,0,0.8,0.4,2.2,1.4,3,4
2023,2023-12-27 19:30:00+00:00,Brentford FC,Wolverhampton Wanderers FC,1.0,4.0,FINISHED,2,3,24,0,3,0.6,1.0,1.4,1.0,10,3
2023,2023-12-27 19:30:00+00:00,Chelsea FC,Crystal Palace FC,2.0,1.0,FINISHED,0,6,7,3,0,1.2,1.4,0.6,1.0,3,5
2023,2023-12-27 20:15:00+00:00,Everton FC,Manchester City FC,1.0,3.0,FINISHED,2,8,15,0,3,2.4,1.8,1.2,1.6,4,11
2023,2023-12-28 19:30:00+00:00,Brighton & Hove Albion FC,Tottenham Hotspur FC,4.0,2.0,FINISHED,0,4,22,3,0,1.0,1.2,2.0,2.4,6,5
2023,2023-12-28 20:15:00+00:00,Arsenal FC,West Ham United FC,0.0,2.0,FINISHED,2,1,23,0,3,2.0,1.8,2.0,1.6,5,5
2023,2023-12-30 12:30:00+00:00,Luton Town FC,Chelsea FC,2.0,3.0,FINISHED,2,14,6,0,3,1.2,1.8,1.2,1.2,3,2
2023,2023-12-30 15:00:00+00:00,Aston Villa FC,Burnley FC,3.0,2.0,FINISHED,0,2,5,3,0,2.0,1.4,0.8,0.6,3,3
2023,2023-12-30 15:00:00+00:00,Crystal Palace FC,Brentford FC,3.0,1.0,FINISHED,0,7,3,3,0,0.4,1.0,0.6,1.2,2,2
2023,2023-12-30 15:00:00+00:00,Manchester City FC,Sheffield United FC,2.0,0.0,FINISHED,0,15,19,3,0,1.6,2.0,0.8,0.8,2,4
2023,2023-12-30 15:00:00+00:00,Wolverhampton Wanderers FC,Everton FC,3.0,0.0,FINISHED,0,24,8,3,0,2.0,1.6,1.8,1.8,2,2
2023,2023-12-30 17:30:00+00:00,Nottingham Forest FC,Manchester United FC,2.0,1.0,FINISHED,0,18,16,3,0,0.8,1.2,1.4,1.0,4,3
2023,2023-12-31 14:00:00+00:00,Fulham FC,Arsenal FC,2.0,1.0,FINISHED,0,9,1,3,0,1.2,2.0,1.4,1.4,4,2
2023,2023-12-31 14:00:00+00:00,Tottenham Hotspur FC,AFC Bournemouth,3.0,1.0,FINISHED,0,22,0,3,0,1.8,2.2,2.6,2.6,2,4
2023,2024-01-01 20:00:00+00:00,Liverpool FC,Newcastle United FC,4.0,2.0,FINISHED,0,13,17,3,0,2.2,1.4,0.6,1.0,6,6
2023,2024-01-02 19:30:00+00:00,West Ham United FC,Brighton & Hove Albion FC,0.0,0.0,FINISHED,1,23,4,1,1,2.4,1.8,1.6,1.6,4,5
2023,2024-01-12 19:45:00+00:00,Burnley FC,Luton Town FC,1.0,1.0,FINISHED,1,5,14,1,1,0.8,1.0,1.2,2.0,13,13
2023,2024-01-13 12:30:00+00:00,Chelsea FC,Fulham FC,1.0,0.0,FINISHED,0,6,9,3,0,1.8,1.6,1.2,1.4,14,12
2023,2024-01-13 17:30:00+00:00,Newcastle United FC,Manchester City FC,2.0,3.0,FINISHED,2,17,15,0,3,0.6,1.4,2.0,1.8,11,14
2023,2024-01-14 14:00:00+00:00,Everton FC,Aston Villa FC,0.0,0.0,FINISHED,1,8,2,1,1,1.2,1.2,2.0,1.8,14,14
2023,2024-01-14 16:30:00+00:00,Manchester United FC,Tottenham Hotspur FC,2.0,2.0,FINISHED,1,16,22,1,1,0.8,0.8,2.4,2.6,14,14
2023,2024-01-20 12:30:00+00:00,Arsenal FC,Crystal Palace FC,5.0,0.0,FINISHED,0,1,7,3,0,0.8,0.8,1.0,1.6,19,20
2023,2024-01-21 14:00:00+00:00,Sheffield United FC,West Ham United FC,2.0,2.0,FINISHED,1,19,23,1,1,0.8,0.8,2.0,1.4,21,18
2023,2024-01-21 16:30:00+00:00,AFC Bournemouth,Liverpool FC,0.0,4.0,FINISHED,2,0,13,0,3,2.4,2.4,2.2,1.8,21,19
2023,2024-01-22 19:45:00+00:00,Brighton & Hove Albion FC,Wolverhampton Wanderers FC,0.0,0.0,FINISHED,1,4,24,1,1,1.2,1.2,2.0,2.0,20,23
2023,2024-01-30 19:30:00+00:00,Nottingham Forest FC,Arsenal FC,1.0,2.0,FINISHED,2,18,1,0,3,1.2,1.8,1.4,1.8,10,10
2023,2024-01-30 19:45:00+00:00,Luton Town FC,Brighton & Hove Albion FC,4.0,0.0,FINISHED,0,14,4,3,0,1.4,1.6,1.2,1.0,18,8
2023,2024-01-30 19:45:00+00:00,Fulham FC,Everton FC,0.0,0.0,FINISHED,1,9,8,1,1,0.6,0.4,0.8,0.8,17,16
2023,2024-01-30 20:00:00+00:00,Crystal Palace FC,Sheffield United FC,3.0,2.0,FINISHED,0,7,19,3,0,1.0,1.4,0.4,1.0,10,9
2023,2024-01-30 20:15:00+00:00,Aston Villa FC,Newcastle United FC,1.0,3.0,FINISHED,2,2,17,0,3,1.6,1.6,0.6,1.6,16,17
2023,2024-01-31 19:30:00+00:00,Manchester City FC,Burnley FC,3.0,1.0,FINISHED,0,15,5,3,0,2.6,2.4,0.8,1.0,18,18
2023,2024-01-31 19:30:00+00:00,Tottenham Hotspur FC,Brentford FC,3.0,2.0,FINISHED,0,22,3,3,0,2.0,2.2,0.6,1.2,17,11
2023,2024-01-31 20:15:00+00:00,Liverpool FC,Chelsea FC,4.0,1.0,FINISHED,0,13,6,3,0,2.2,2.2,2.4,1.8,10,18
2023,2024-02-01 19:30:00+00:00,West Ham United FC,AFC Bournemouth,1.0,1.0,FINISHED,1,23,0,1,1,2.2,1.8,1.8,2.0,11,11
2023,2024-02-01 20:15:00+00:00,Wolverhampton Wanderers FC,Manchester United FC,3.0,4.0,FINISHED,2,24,16,0,3,2.0,1.8,1.0,1.2,10,18
2023,2024-02-03 12:30:00+00:00,Everton FC,Tottenham Hotspur FC,2.0,2.0,FINISHED,1,8,22,1,1,0.4,0.4,2.0,2.4,3,2
2023,2024-02-03 15:00:00+00:00,Brighton & Hove Albion FC,Crystal Palace FC,4.0,1.0,FINISHED,0,4,7,3,0,1.2,1.0,1.4,1.6,3,3
2023,2024-02-03 15:00:00+00:00,Burnley FC,Fulham FC,2.0,2.0,FINISHED,1,5,9,1,1,0.8,1.2,0.8,0.4,2,3
2023,2024-02-03 15:00:00+00:00,Newcastle United FC,Luton Town FC,4.0,4.0,FINISHED,1,17,14,1,1,0.6,1.6,2.0,2.2,3,3
2023,2024-02-03 17:30:00+00:00,Sheffield United FC,Aston Villa FC,0.0,5.0,FINISHED,2,19,2,0,3,0.4,1.4,1.0,1.4,3,3
2023,2024-02-04 14:00:00+00:00,Manchester United FC,West Ham United FC,3.0,0.0,FINISHED,0,16,23,3,0,1.4,2.0,1.8,1.4,2,2
2023,2024-02-04 14:00:00+00:00,AFC Bournemouth,Nottingham Forest FC,1.0,1.0,FINISHED,1,0,18,1,1,1.4,1.6,1.2,2.0,2,4
2023,2024-02-04 14:00:00+00:00,Chelsea FC,Wolverhampton Wanderers FC,2.0,4.0,FINISHED,2,6,24,0,3,1.8,1.6,2.0,2.4,3,2
2023,2024-02-04 16:30:00+00:00,Arsenal FC,Liverpool FC,3.0,1.0,FINISHED,0,1,13,3,0,1.4,1.8,2.6,3.0,4,3
2023,2024-02-05 20:00:00+00:00,Brentford FC,Manchester City FC,1.0,3.0,FINISHED,2,3,15,0,3,0.6,1.6,2.6,2.6,5,5
2023,2024-02-10 12:30:00+00:00,Manchester City FC,Everton FC,2.0,0.0,FINISHED,0,15,8,3,0,3.0,2.8,0.6,0.6,4,7
2023,2024-02-10 15:00:00+00:00,Fulham FC,AFC Bournemouth,3.0,1.0,FINISHED,0,9,0,3,0,1.0,0.8,1.0,1.2,7,6
2023,2024-02-10 15:00:00+00:00,Liverpool FC,Burnley FC,3.0,1.0,FINISHED,0,13,5,3,0,2.4,3.0,0.4,1.2,5,7
2023,2024-02-10 15:00:00+00:00,Luton Town FC,Sheffield United FC,1.0,3.0,FINISHED,2,14,19,0,3,1.6,2.8,0.2,1.2,7,6
2023,2024-02-10 15:00:00+00:00,Tottenham Hotspur FC,Brighton & Hove Albion FC,2.0,1.0,FINISHED,0,22,4,3,0,1.6,2.4,1.6,1.6,7,7
2023,2024-02-10 15:00:00+00:00,Wolverhampton Wanderers FC,Brentford FC,0.0,2.0,FINISHED,2,24,3,0,3,2.0,2.8,0.6,1.6,6,4
2023,2024-02-10 17:30:00+00:00,Nottingham Forest FC,Newcastle United FC,2.0,3.0,FINISHED,2,18,17,0,3,1.4,1.8,0.8,2.4,6,7
2023,2024-02-11 14:00:00+00:00,West Ham United FC,Arsenal FC,0.0,6.0,FINISHED,2,23,1,0,3,1.2,1.0,1.8,2.2,7,6
2023,2024-02-11 16:30:00+00:00,Aston Villa FC,Manchester United FC,1.0,2.0,FINISHED,2,2,16,0,3,1.4,2.2,2.0,2.6,7,7
2023,2024-02-12 20:00:00+00:00,Crystal Palace FC,Chelsea FC,1.0,3.0,FINISHED,2,7,6,0,3,1.2,1.6,1.8,1.8,9,8
2023,2024-02-17 12:30:00+00:00,Brentford FC,Liverpool FC,1.0,4.0,FINISHED,2,3,13,0,3,1.2,1.8,2.4,3.2,6,6
2023,2024-02-17 15:00:00+00:00,Tottenham Hotspur FC,Wolverhampton Wanderers FC,1.0,2.0,FINISHED,2,22,24,0,3,2.2,2.4,1.4,2.0,7,7
2023,2024-02-17 15:00:00+00:00,Nottingham Forest FC,West Ham United FC,2.0,0.0,FINISHED,0,18,23,3,0,0.8,1.6,0.6,0.6,6,6
2023,2024-02-17 15:00:00+00:00,Burnley FC,Arsenal FC,0.0,5.0,FINISHED,2,5,1,0,3,0.4,1.4,2.4,3.4,7,6
2023,2024-02-17 15:00:00+00:00,Fulham FC,Aston Villa FC,1.0,2.0,FINISHED,2,9,2,0,3,1.6,1.4,1.4,2.0,7,5
2023,2024-02-17 15:00:00+00:00,Newcastle United FC,AFC Bournemouth,2.0,2.0,FINISHED,1,17,0,1,1,1.4,2.8,0.4,0.8,6,7
2023,2024-02-17 17:30:00+00:00,Manchester City FC,Chelsea FC,1.0,1.0,FINISHED,1,15,6,1,1,3.0,2.6,1.8,2.0,7,4
2023,2024-02-18 14:00:00+00:00,Sheffield United FC,Brighton & Hove Albion FC,0.0,5.0,FINISHED,2,19,4,0,3,0.8,1.4,1.0,1.0,7,7
2023,2024-02-18 16:30:00+00:00,Luton Town FC,Manchester United FC,1.0,2.0,FINISHED,2,14,16,0,3,1.0,2.4,2.0,2.4,8,7
2023,2024-02-19 20:00:00+00:00,Everton FC,Crystal Palace FC,1.0,1.0,FINISHED,1,8,7,1,1,0.6,0.4,1.2,1.6,9,7
2023,2024-02-20 19:30:00+00:00,Manchester City FC,Brentford FC,1.0,0.0,FINISHED,0,15,3,3,0,2.6,2.4,1.2,1.8,3,3
2023,2024-02-21 19:30:00+00:00,Liverpool FC,Luton Town FC,4.0,1.0,FINISHED,0,13,14,3,0,2.4,3.2,1.0,2.2,4,3
2023,2024-02-24 15:00:00+00:00,Aston Villa FC,Nottingham Forest FC,4.0,2.0,FINISHED,0,2,18,3,0,1.4,1.8,0.8,1.6,7,7
2023,2024-02-24 15:00:00+00:00,Brighton & Hove Albion FC,Everton FC,1.0,1.0,FINISHED,1,4,8,1,1,1.4,2.0,0.8,0.6,6,4
2023,2024-02-24 15:00:00+00:00,Crystal Palace FC,Burnley FC,3.0,0.0,FINISHED,0,7,5,3,0,0.8,1.2,0.4,1.0,4,7
2023,2024-02-24 15:00:00+00:00,Manchester United FC,Fulham FC,1.0,2.0,FINISHED,2,16,9,0,3,2.6,2.6,1.0,1.2,5,7
2023,2024-02-24 17:30:00+00:00,AFC Bournemouth,Manchester City FC,0.0,1.0,FINISHED,2,0,15,0,3,0.6,1.0,2.6,2.0,7,3
2023,2024-02-24 20:00:00+00:00,Arsenal FC,Newcastle United FC,4.0,1.0,FINISHED,0,1,17,3,0,3.0,4.2,1.6,2.8,7,7
2023,2024-02-25 13:30:00+00:00,Wolverhampton Wanderers FC,Sheffield United FC,1.0,0.0,FINISHED,0,24,19,3,0,1.4,1.8,0.8,1.4,7,6
2023,2024-02-26 20:00:00+00:00,West Ham United FC,Brentford FC,4.0,2.0,FINISHED,0,23,3,3,0,0.4,0.6,0.6,1.2,9,6
2023,2024-03-02 15:00:00+00:00,Brentford FC,Chelsea FC,2.0,2.0,FINISHED,1,3,6,1,1,0.6,1.2,1.4,1.6,4,13
2023,2024-03-02 15:00:00+00:00,Everton FC,West Ham United FC,1.0,3.0,FINISHED,2,8,23,0,3,0.8,0.8,0.8,1.0,7,4
2023,2024-03-02 15:00:00+00:00,Fulham FC,Brighton & Hove Albion FC,3.0,0.0,FINISHED,0,9,4,3,0,1.6,1.6,1.4,2.2,7,7
2023,2024-03-02 15:00:00+00:00,Newcastle United FC,Wolverhampton Wanderers FC,3.0,0.0,FINISHED,0,17,24,3,0,1.6,2.6,1.8,2.0,6,6
2023,2024-03-02 15:00:00+00:00,Nottingham Forest FC,Liverpool FC,0.0,1.0,FINISHED,2,18,13,0,3,0.8,1.6,2.4,3.2,7,9
2023,2024-03-02 15:00:00+00:00,Tottenham Hotspur FC,Crystal Palace FC,3.0,1.0,FINISHED,0,22,7,3,0,1.6,2.0,1.4,1.8,14,7
2023,2024-03-02 17:30:00+00:00,Luton Town FC,Aston Villa FC,2.0,3.0,FINISHED,2,14,2,0,3,0.8,2.2,1.8,2.6,9,7
2023,2024-03-03 13:00:00+00:00,Burnley FC,AFC Bournemouth,0.0,2.0,FINISHED,2,5,0,0,3,0.2,0.8,0.6,1.0,7,7
2023,2024-03-03 15:30:00+00:00,Manchester City FC,Manchester United FC,3.0,1.0,FINISHED,0,15,16,3,0,2.6,1.6,2.4,2.4,7,8
2023,2024-03-04 20:00:00+00:00,Sheffield United FC,Arsenal FC,0.0,6.0,FINISHED,2,19,1,0,3,0.6,1.0,3.0,4.0,8,9
2023,2024-03-09 12:30:00+00:00,Manchester United FC,Everton FC,2.0,0.0,FINISHED,0,16,8,3,0,1.8,1.8,0.6,1.0,5,6
2023,2024-03-09 15:00:00+00:00,AFC Bournemouth,Sheffield United FC,2.0,2.0,FINISHED,1,0,19,1,1,1.0,1.2,0.6,0.6,6,4
2023,2024-03-09 15:00:00+00:00,Crystal Palace FC,Luton Town FC,1.0,1.0,FINISHED,1,7,14,1,1,0.8,1.4,0.2,1.8,7,6
2023,2024-03-09 15:00:00+00:00,Wolverhampton Wanderers FC,Fulham FC,2.0,1.0,FINISHED,0,24,9,3,0,1.8,1.4,2.0,2.2,7,7
2023,2024-03-09 17:30:00+00:00,Arsenal FC,Brentford FC,2.0,1.0,FINISHED,0,1,3,3,0,3.0,4.8,0.8,1.4,4,7
2023,2024-03-10 13:00:00+00:00,Aston Villa FC,Tottenham Hotspur FC,0.0,4.0,FINISHED,2,2,22,0,3,2.4,3.0,2.0,2.2,7,7
2023,2024-03-10 14:00:00+00:00,West Ham United FC,Burnley FC,2.0,2.0,FINISHED,1,23,5,1,1,1.2,1.4,0.2,0.6,7,7
2023,2024-03-10 14:00:00+00:00,Brighton & Hove Albion FC,Nottingham Forest FC,1.0,0.0,FINISHED,0,4,18,3,0,1.4,2.2,0.8,1.4,7,7
2023,2024-03-10 15:45:00+00:00,Liverpool FC,Manchester City FC,1.0,1.0,FINISHED,1,13,15,1,1,2.4,2.6,2.6,1.6,8,7
2023,2024-03-11 20:00:00+00:00,Chelsea FC,Newcastle United FC,3.0,2.0,FINISHED,0,6,17,3,0,1.0,1.8,1.6,2.6,9,9
2023,2024-03-13 19:30:00+00:00,AFC Bournemouth,Luton Town FC,4.0,3.0,FINISHED,0,0,14,3,0,1.0,1.4,0.2,1.2,4,4
2023,2024-03-16 15:00:00+00:00,Burnley FC,Brentford FC,2.0,1.0,FINISHED,0,5,3,3,0,0.2,0.6,0.2,1.2,6,6
2023,2024-03-16 15:00:00+00:00,Luton Town FC,Nottingham Forest FC,1.0,1.0,FINISHED,1,14,18,1,1,0.2,1.6,0.6,1.2,2,6
2023,2024-03-16 17:30:00+00:00,Fulham FC,Tottenham Hotspur FC,3.0,0.0,FINISHED,0,9,22,3,0,1.8,2.0,2.0,2.4,7,6
2023,2024-03-17 14:00:00+00:00,West Ham United FC,Aston Villa FC,1.0,1.0,FINISHED,1,23,2,1,1,1.4,1.8,1.8,2.0,7,7
2023,2024-03-30 12:30:00+00:00,Newcastle United FC,West Ham United FC,4.0,3.0,FINISHED,0,17,23,3,0,1.4,2.2,1.6,2.0,18,12
2023,2024-03-30 15:00:00+00:00,AFC Bournemouth,Everton FC,2.0,1.0,FINISHED,0,0,8,3,0,1.6,2.0,0.4,0.6,16,21
2023,2024-03-30 15:00:00+00:00,Chelsea FC,Burnley FC,2.0,2.0,FINISHED,1,6,5,1,1,1.6,2.2,0.8,0.8,18,14
2023,2024-03-30 15:00:00+00:00,Nottingham Forest FC,Crystal Palace FC,1.0,1.0,FINISHED,1,18,7,1,1,0.8,1.0,1.0,1.4,14,21
2023,2024-03-30 15:00:00+00:00,Sheffield United FC,Fulham FC,3.0,3.0,FINISHED,1,19,9,1,1,0.8,1.0,1.8,2.0,21,13
2023,2024-03-30 15:00:00+00:00,Tottenham Hotspur FC,Luton Town FC,2.0,1.0,FINISHED,0,22,14,3,0,1.8,2.0,0.4,1.6,13,14
2023,2024-03-30 17:30:00+00:00,Aston Villa FC,Wolverhampton Wanderers FC,2.0,0.0,FINISHED,0,2,24,3,0,2.0,2.0,1.8,1.0,13,21
2023,2024-03-30 20:00:00+00:00,Brentford FC,Manchester United FC,1.0,1.0,FINISHED,1,3,16,1,1,0.2,1.2,1.8,1.6,14,21
2023,2024-03-31 13:00:00+00:00,Liverpool FC,Brighton & Hove Albion FC,2.0,1.0,FINISHED,0,13,4,3,0,2.6,2.6,1.4,1.6,20,20
2023,2024-03-31 15:30:00+00:00,Manchester City FC,Arsenal FC,0.0,0.0,FINISHED,1,15,1,1,1,2.2,1.4,3.0,4.6,20,21
2023,2024-04-02 18:30:00+00:00,Nottingham Forest FC,Fulham FC,3.0,1.0,FINISHED,0,18,9,3,0,0.4,0.8,2.0,2.4,3,3
2023,2024-04-02 18:30:00+00:00,Newcastle United FC,Everton FC,1.0,1.0,FINISHED,1,17,8,1,1,1.4,2.4,0.4,0.8,3,3
2023,2024-04-02 18:45:00+00:00,AFC Bournemouth,Crystal Palace FC,1.0,0.0,FINISHED,0,0,7,3,0,2.0,2.0,1.2,1.4,3,3
2023,2024-04-02 18:45:00+00:00,Burnley FC,Wolverhampton Wanderers FC,1.0,1.0,FINISHED,1,5,24,1,1,1.0,1.2,1.8,1.0,3,3
2023,2024-04-02 19:15:00+00:00,West Ham United FC,Tottenham Hotspur FC,1.0,1.0,FINISHED,1,23,22,1,1,1.6,2.6,1.8,2.0,3,3
2023,2024-04-03 18:30:00+00:00,Arsenal FC,Luton Town FC,2.0,0.0,FINISHED,0,1,14,3,0,2.6,3.4,0.4,1.6,3,4
2023,2024-04-03 18:30:00+00:00,Brentford FC,Brighton & Hove Albion FC,0.0,0.0,FINISHED,1,3,4,1,1,0.4,1.4,1.4,1.6,3,3
2023,2024-04-03 19:15:00+00:00,Manchester City FC,Aston Villa FC,4.0,1.0,FINISHED,0,15,2,3,0,2.2,1.2,2.0,2.0,3,4
2023,2024-04-04 18:30:00+00:00,Liverpool FC,Sheffield United FC,3.0,1.0,FINISHED,0,13,19,3,0,2.6,2.4,0.4,1.0,4,5
2023,2024-04-04 19:15:00+00:00,Chelsea FC,Manchester United FC,4.0,3.0,FINISHED,0,6,16,3,0,1.8,2.2,1.4,1.4,5,4
2023,2024-04-06 11:30:00+00:00,Crystal Palace FC,Manchester City FC,2.0,4.0,FINISHED,2,7,15,0,3,1.0,1.2,2.2,1.8,3,2
2023,2024-04-06 14:00:00+00:00,Aston Villa FC,Brentford FC,3.0,3.0,FINISHED,1,2,3,1,1,1.4,1.4,0.6,1.0,2,2
2023,2024-04-06 14:00:00+00:00,Everton FC,Burnley FC,1.0,0.0,FINISHED,0,8,5,3,0,0.4,0.8,1.2,1.4,3,3
2023,2024-04-06 14:00:00+00:00,Fulham FC,Newcastle United FC,0.0,1.0,FINISHED,2,9,17,0,3,1.4,2.2,1.4,2.2,3,3
2023,2024-04-06 14:00:00+00:00,Luton Town FC,AFC Bournemouth,2.0,1.0,FINISHED,0,14,0,3,0,0.4,1.2,2.6,2.2,2,3
2023,2024-04-06 14:00:00+00:00,Wolverhampton Wanderers FC,West Ham United FC,1.0,2.0,FINISHED,2,24,23,0,3,1.4,0.8,1.2,2.0,3,3
2023,2024-04-06 16:30:00+00:00,Brighton & Hove Albion FC,Arsenal FC,0.0,3.0,FINISHED,2,4,1,0,3,1.0,0.6,2.6,2.8,2,2
2023,2024-04-07 14:30:00+00:00,Manchester United FC,Liverpool FC,2.0,2.0,FINISHED,1,16,13,1,1,0.8,1.6,2.6,2.2,2,2
2023,2024-04-07 16:30:00+00:00,Sheffield United FC,Chelsea FC,2.0,2.0,FINISHED,1,19,6,1,1,0.4,1.2,1.8,2.4,2,2
2023,2024-04-07 17:00:00+00:00,Tottenham Hotspur FC,Nottingham Forest FC,3.0,1.0,FINISHED,0,22,18,3,0,2.0,2.0,1.0,1.0,4,4
2023,2024-04-13 11:30:00+00:00,Newcastle United FC,Tottenham Hotspur FC,4.0,0.0,FINISHED,0,17,22,3,0,2.0,2.2,2.0,2.0,6,5
2023,2024-04-13 14:00:00+00:00,Brentford FC,Sheffield United FC,2.0,0.0,FINISHED,0,3,19,3,0,0.6,1.2,0.6,1.6,7,5
2023,2024-04-13 14:00:00+00:00,Burnley FC,Brighton & Hove Albion FC,1.0,1.0,FINISHED,1,5,4,1,1,1.2,1.4,0.8,0.4,7,6
2023,2024-04-13 14:00:00+00:00,Manchester City FC,Luton Town FC,5.0,1.0,FINISHED,0,15,14,3,0,2.2,2.4,0.8,1.4,7,7
2023,2024-04-13 14:00:00+00:00,Nottingham Forest FC,Wolverhampton Wanderers FC,2.0,2.0,FINISHED,1,18,24,1,1,1.0,1.2,0.8,0.8,5,7
2023,2024-04-13 16:30:00+00:00,AFC Bournemouth,Manchester United FC,2.0,2.0,FINISHED,1,0,16,1,1,2.0,2.0,1.0,1.8,7,6
2023,2024-04-14 13:00:00+00:00,Liverpool FC,Crystal Palace FC,0.0,1.0,FINISHED,2,13,7,0,3,2.2,1.8,0.4,1.0,6,8
2023,2024-04-14 13:00:00+00:00,West Ham United FC,Fulham FC,0.0,2.0,FINISHED,2,23,9,0,3,1.2,1.8,0.8,1.6,7,7
2023,2024-04-14 15:30:00+00:00,Arsenal FC,Aston Villa FC,0.0,2.0,FINISHED,2,1,2,0,3,2.6,2.6,1.0,1.4,7,8
2023,2024-04-15 19:00:00+00:00,Chelsea FC,Everton FC,6.0,0.0,FINISHED,0,6,8,3,0,1.8,2.6,0.8,0.8,8,9
2023,2024-04-20 14:00:00+00:00,Luton Town FC,Brentford FC,1.0,5.0,FINISHED,2,14,3,0,3,0.8,1.0,1.2,1.4,7,7
2023,2024-04-20 14:00:00+00:00,Sheffield United FC,Burnley FC,1.0,4.0,FINISHED,2,19,5,0,3,0.6,1.6,1.2,1.2,7,7
2023,2024-04-20 18:30:00+00:00,Wolverhampton Wanderers FC,Arsenal FC,0.0,2.0,FINISHED,2,24,1,0,3,1.0,1.2,2.0,1.4,7,6
2023,2024-04-21 12:30:00+00:00,Everton FC,Nottingham Forest FC,2.0,0.0,FINISHED,0,8,18,3,0,0.8,0.6,1.2,1.6,5,7
2023,2024-04-21 14:00:00+00:00,Aston Villa FC,AFC Bournemouth,3.0,1.0,FINISHED,0,2,0,3,0,1.6,1.8,2.0,2.0,6,7
2023,2024-04-21 14:00:00+00:00,Crystal Palace FC,West Ham United FC,5.0,2.0,FINISHED,0,7,23,3,0,1.0,1.0,1.0,1.4,7,7
2023,2024-04-21 15:30:00+00:00,Fulham FC,Liverpool FC,1.0,3.0,FINISHED,2,9,13,0,3,1.4,1.8,1.6,1.6,7,7
2023,2024-04-23 19:00:00+00:00,Arsenal FC,Chelsea FC,5.0,0.0,FINISHED,0,1,6,3,0,2.0,1.4,2.2,3.4,3,8
2023,2024-04-24 18:45:00+00:00,Wolverhampton Wanderers FC,AFC Bournemouth,0.0,1.0,FINISHED,2,24,0,0,3,0.4,0.8,1.4,1.4,4,3
2023,2024-04-24 19:00:00+00:00,Crystal Palace FC,Newcastle United FC,2.0,0.0,FINISHED,0,7,17,3,0,1.4,1.8,2.0,2.4,3,11
2023,2024-04-24 19:00:00+00:00,Everton FC,Liverpool FC,2.0,0.0,FINISHED,0,8,13,3,0,1.4,1.0,2.0,2.0,3,3
2023,2024-04-24 19:00:00+00:00,Manchester United FC,Sheffield United FC,4.0,2.0,FINISHED,0,16,19,3,0,1.2,2.0,0.4,1.4,11,4
2023,2024-04-25 19:00:00+00:00,Brighton & Hove Albion FC,Manchester City FC,0.0,4.0,FINISHED,2,4,15,0,3,1.0,0.6,2.2,2.8,12,12
2023,2024-04-27 11:30:00+00:00,West Ham United FC,Liverpool FC,2.0,2.0,FINISHED,1,23,13,1,1,0.8,1.6,1.4,1.6,5,2
2023,2024-04-27 14:00:00+00:00,Fulham FC,Crystal Palace FC,1.0,1.0,FINISHED,1,9,7,1,1,0.8,1.4,1.8,2.0,5,2
2023,2024-04-27 14:00:00+00:00,Manchester United FC,Burnley FC,1.0,1.0,FINISHED,1,16,5,1,1,1.2,2.4,1.2,1.6,2,7
2023,2024-04-27 14:00:00+00:00,Newcastle United FC,Sheffield United FC,5.0,1.0,FINISHED,0,17,19,3,0,2.0,2.0,0.2,1.2,2,2
2023,2024-04-27 14:00:00+00:00,Wolverhampton Wanderers FC,Luton Town FC,2.0,1.0,FINISHED,0,24,14,3,0,0.4,0.8,0.6,1.0,2,7
2023,2024-04-27 16:30:00+00:00,Everton FC,Brentford FC,1.0,0.0,FINISHED,0,8,3,3,0,2.0,1.2,1.8,2.2,2,7
2023,2024-04-27 19:00:00+00:00,Aston Villa FC,Chelsea FC,2.0,2.0,FINISHED,1,2,6,1,1,2.0,2.2,1.6,2.8,6,4
2023,2024-04-28 13:00:00+00:00,Tottenham Hotspur FC,Arsenal FC,2.0,3.0,FINISHED,2,22,1,0,3,1.4,1.2,2.4,2.4,15,4
2023,2024-04-28 13:00:00+00:00,AFC Bournemouth,Brighton & Hove Albion FC,3.0,0.0,FINISHED,0,0,4,3,0,1.4,1.2,0.4,0.4,3,2
2023,2024-04-28 15:30:00+00:00,Nottingham Forest FC,Manchester City FC,0.0,2.0,FINISHED,2,18,15,0,3,1.0,1.4,2.6,3.4,7,2
2023,2024-05-02 18:30:00+00:00,Chelsea FC,Tottenham Hotspur FC,2.0,0.0,FINISHED,0,6,22,3,0,1.6,2.8,1.4,1.6,4,4
2023,2024-05-03 19:00:00+00:00,Luton Town FC,Everton FC,1.0,1.0,FINISHED,1,14,8,1,1,0.6,1.0,2.4,1.2,6,6
2023,2024-05-04 11:30:00+00:00,Arsenal FC,AFC Bournemouth,3.0,0.0,FINISHED,0,1,0,3,0,2.4,2.6,1.4,1.6,5,5
2023,2024-05-04 14:00:00+00:00,Brentford FC,Fulham FC,0.0,0.0,FINISHED,1,3,9,1,1,1.6,2.0,0.8,1.0,6,7
2023,2024-05-04 14:00:00+00:00,Burnley FC,Newcastle United FC,1.0,4.0,FINISHED,2,5,17,0,3,1.2,1.4,2.0,2.2,7,7
2023,2024-05-04 14:00:00+00:00,Sheffield United FC,Nottingham Forest FC,1.0,3.0,FINISHED,2,19,18,0,3,0.2,1.2,0.8,1.2,7,5
2023,2024-05-04 16:30:00+00:00,Manchester City FC,Wolverhampton Wanderers FC,5.0,1.0,FINISHED,0,15,24,3,0,3.0,3.8,0.8,1.0,6,7
2023,2024-05-05 13:00:00+00:00,Brighton & Hove Albion FC,Aston Villa FC,1.0,0.0,FINISHED,0,4,2,3,0,0.4,0.2,1.6,2.2,7,7
2023,2024-05-05 13:00:00+00:00,Chelsea FC,West Ham United FC,5.0,0.0,FINISHED,0,6,23,3,0,1.6,2.4,1.0,1.4,2,8
2023,2024-05-05 15:30:00+00:00,Liverpool FC,Tottenham Hotspur FC,4.0,2.0,FINISHED,0,13,22,3,0,1.0,1.4,0.8,1.2,8,2
2023,2024-05-06 19:00:00+00:00,Crystal Palace FC,Manchester United FC,4.0,0.0,FINISHED,0,7,16,3,0,2.0,2.2,1.2,2.4,9,9
2023,2024-05-11 11:30:00+00:00,Fulham FC,Manchester City FC,0.0,4.0,FINISHED,2,9,15,0,3,1.0,0.8,3.0,4.0,6,6
2023,2024-05-11 14:00:00+00:00,West Ham United FC,Luton Town FC,3.0,1.0,FINISHED,0,23,14,3,0,0.8,1.2,0.8,1.2,6,7
2023,2024-05-11 14:00:00+00:00,Wolverhampton Wanderers FC,Crystal Palace FC,1.0,3.0,FINISHED,2,24,7,0,3,0.8,1.0,2.6,2.6,6,4
2023,2024-05-11 14:00:00+00:00,Tottenham Hotspur FC,Burnley FC,2.0,1.0,FINISHED,0,22,5,3,0,0.6,1.4,1.0,1.4,5,7
2023,2024-05-11 14:00:00+00:00,AFC Bournemouth,Brentford FC,1.0,2.0,FINISHED,2,0,3,0,3,1.4,1.4,1.6,2.0,7,7
2023,2024-05-11 14:00:00+00:00,Everton FC,Sheffield United FC,1.0,0.0,FINISHED,0,8,19,3,0,2.0,1.2,0.0,1.0,7,7
2023,2024-05-11 14:00:00+00:00,Newcastle United FC,Brighton & Hove Albion FC,1.0,1.0,FINISHED,1,17,4,1,1,2.4,2.8,0.8,0.4,7,6
2023,2024-05-11 16:30:00+00:00,Nottingham Forest FC,Chelsea FC,2.0,3.0,FINISHED,2,18,6,0,3,0.8,1.2,2.0,3.0,7,6
2023,2024-05-12 15:30:00+00:00,Manchester United FC,Arsenal FC,0.0,1.0,FINISHED,2,16,1,0,3,1.2,1.8,2.4,2.6,5,8
2023,2024-05-13 19:00:00+00:00,Aston Villa FC,Liverpool FC,3.0,3.0,FINISHED,1,2,13,1,1,1.6,2.0,1.4,1.8,8,8
2023,2024-05-14 19:00:00+00:00,Tottenham Hotspur FC,Manchester City FC,0.0,2.0,FINISHED,2,22,15,0,3,0.6,1.2,3.0,4.0,3,3
2023,2024-05-15 18:45:00+00:00,Brighton & Hove Albion FC,Chelsea FC,1.0,2.0,FINISHED,2,4,6,0,3,1.0,0.6,2.0,2.4,4,4
2023,2024-05-15 19:00:00+00:00,Manchester United FC,Newcastle United FC,3.0,2.0,FINISHED,0,16,17,3,0,1.0,1.4,2.0,2.8,3,4
2023,2024-05-19 15:00:00+00:00,Manchester City FC,West Ham United FC,3.0,1.0,FINISHED,0,15,23,3,0,3.0,3.4,0.8,1.4,4,8
2023,2024-05-19 15:00:00+00:00,Liverpool FC,Wolverhampton Wanderers FC,2.0,0.0,FINISHED,0,13,24,3,0,1.6,2.4,0.6,0.8,5,8
2023,2024-05-19 15:00:00+00:00,Crystal Palace FC,Aston Villa FC,5.0,0.0,FINISHED,0,7,2,3,0,2.6,3.0,1.6,2.0,8,5
2023,2024-05-19 15:00:00+00:00,Luton Town FC,Fulham FC,2.0,4.0,FINISHED,2,14,9,0,3,0.2,1.0,1.0,0.8,8,8
2023,2024-05-19 15:00:00+00:00,Burnley FC,Nottingham Forest FC,1.0,2.0,FINISHED,2,5,18,0,3,1.0,1.6,0.8,1.4,8,7
2023,2024-05-19 15:00:00+00:00,Arsenal FC,Everton FC,2.0,1.0,FINISHED,0,1,8,3,0,3.0,2.8,2.6,1.4,6,8
2023,2024-05-19 15:00:00+00:00,Brentford FC,Newcastle United FC,2.0,4.0,FINISHED,2,3,17,0,3,2.0,1.8,1.4,2.4,8,3
2023,2024-05-19 15:00:00+00:00,Chelsea FC,AFC Bournemouth,2.0,1.0,FINISHED,0,6,0,3,0,2.6,2.8,1.2,1.2,3,8
2023,2024-05-19 15:00:00+00:00,Brighton & Hove Albion FC,Manchester United FC,0.0,2.0,FINISHED,2,4,16,0,3,0.8,0.6,1.4,1.6,3,3
2024,2024-08-16 19:00:00+00:00,Manchester United FC,Fulham FC,1.0,0.0,FINISHED,0,16,9,3,0,1.4,1.2,1.0,1.2,89,89
2024,2024-08-17 14:00:00+00:00,Arsenal FC,Wolverhampton Wanderers FC,2.0,0.0,FINISHED,0,1,24,3,0,3.0,2.8,0.6,0.8,89,89
2024,2024-08-17 14:00:00+00:00,Newcastle United FC,Southampton FC,1.0,0.0,FINISHED,0,17,20,3,0,2.0,3.2,0.0,0.0,89,7
2024,2024-08-17 14:00:00+00:00,Nottingham Forest FC,AFC Bournemouth,1.0,1.0,FINISHED,1,18,0,1,1,1.2,1.4,1.2,1.2,89,89
2024,2024-08-17 14:00:00+00:00,Everton FC,Brighton & Hove Albion FC,0.0,3.0,FINISHED,2,8,4,0,3,2.0,1.2,0.8,0.6,89,89
2024,2024-08-17 16:30:00+00:00,West Ham United FC,Aston Villa FC,1.0,2.0,FINISHED,2,23,2,0,3,0.8,1.6,1.0,1.6,90,90
2024,2024-08-18 13:00:00+00:00,Brentford FC,Crystal Palace FC,2.0,1.0,FINISHED,0,3,7,3,0,1.4,1.8,2.6,3.0,90,90
2024,2024-08-18 15:30:00+00:00,Chelsea FC,Manchester City FC,0.0,2.0,FINISHED,2,6,15,0,3,3.0,2.8,3.0,3.2,91,91
2024,2024-08-24 11:30:00+00:00,Brighton & Hove Albion FC,Manchester United FC,2.0,1.0,FINISHED,0,4,16,3,0,1.4,1.2,1.8,1.2,6,7
2024,2024-08-24 14:00:00+00:00,Tottenham Hotspur FC,Everton FC,4.0,0.0,FINISHED,0,22,8,3,0,1.4,1.6,1.4,0.8,4,7
2024,2024-08-24 14:00:00+00:00,Fulham FC,Leicester City FC,2.0,1.0,FINISHED,0,9,12,3,0,1.0,1.0,0.0,0.0,7,4
2024,2024-08-24 14:00:00+00:00,Crystal Palace FC,West Ham United FC,0.0,2.0,FINISHED,2,7,23,0,3,2.0,2.8,0.8,1.4,6,6
2024,2024-08-24 14:00:00+00:00,Manchester City FC,Ipswich Town FC,4.0,1.0,FINISHED,0,15,10,3,0,3.0,3.2,0.0,0.0,5,7
2024,2024-08-24 16:30:00+00:00,Aston Villa FC,Arsenal FC,0.0,2.0,FINISHED,2,2,1,0,3,1.0,1.4,3.0,2.2,7,7
2024,2024-08-25 13:00:00+00:00,AFC Bournemouth,Newcastle United FC,1.0,1.0,FINISHED,1,0,17,1,1,0.8,1.2,2.0,2.4,7,7
2024,2024-08-25 13:00:00+00:00,Wolverhampton Wanderers FC,Chelsea FC,2.0,6.0,FINISHED,2,24,6,0,3,0.6,0.8,2.4,2.4,7,6
2024,2024-08-25 15:30:00+00:00,Liverpool FC,Brentford FC,2.0,0.0,FINISHED,0,13,3,3,0,2.2,2.6,1.4,1.2,8,7
2024,2024-08-31 11:30:00+00:00,Arsenal FC,Brighton & Hove Albion FC,1.0,1.0,FINISHED,1,1,4,1,1,3.0,2.0,1.4,1.4,6,7
2024,2024-08-31 14:00:00+00:00,Nottingham Forest FC,Wolverhampton Wanderers FC,1.0,1.0,FINISHED,1,18,24,1,1,2.0,1.8,0.0,0.8,7,6
2024,2024-08-31 14:00:00+00:00,Everton FC,AFC Bournemouth,2.0,3.0,FINISHED,2,8,0,0,3,0.8,0.6,0.4,0.8,7,6
2024,2024-08-31 14:00:00+00:00,Brentford FC,Southampton FC,3.0,1.0,FINISHED,0,3,20,3,0,1.4,1.2,0.0,0.0,5,7
2024,2024-08-31 16:30:00+00:00,West Ham United FC,Manchester City FC,1.0,3.0,FINISHED,2,23,15,0,3,1.2,1.4,3.0,3.0,7,7
2024,2024-09-01 12:30:00+00:00,Chelsea FC,Crystal Palace FC,1.0,1.0,FINISHED,1,6,7,1,1,2.4,2.6,1.8,2.6,6,7
2024,2024-09-01 12:30:00+00:00,Newcastle United FC,Tottenham Hotspur FC,2.0,1.0,FINISHED,0,17,22,3,0,1.6,1.8,2.0,2.0,6,7
2024,2024-09-01 15:00:00+00:00,Manchester United FC,Liverpool FC,0.0,3.0,FINISHED,2,16,13,0,3,1.8,1.4,2.6,2.6,8,6
2024,2024-09-14 14:00:00+00:00,Manchester City FC,Brentford FC,2.0,1.0,FINISHED,0,15,3,3,0,3.0,2.8,1.8,1.8,13,14
2024,2024-09-14 14:00:00+00:00,Liverpool FC,Nottingham Forest FC,0.0,1.0,FINISHED,2,13,18,0,3,2.6,2.4,1.6,1.4,12,14
2024,2024-09-14 14:00:00+00:00,Crystal Palace FC,Leicester City FC,2.0,2.0,FINISHED,1,7,12,1,1,1.4,2.0,0.0,0.0,13,14
2024,2024-09-14 14:00:00+00:00,Fulham FC,West Ham United FC,1.0,1.0,FINISHED,1,9,23,1,1,1.4,1.4,1.2,1.6,14,13
2024,2024-09-14 14:00:00+00:00,Brighton & Hove Albion FC,Ipswich Town FC,0.0,0.0,FINISHED,1,4,10,1,1,1.4,1.4,0.0,0.0,14,14
2024,2024-09-14 16:30:00+00:00,Aston Villa FC,Everton FC,3.0,2.0,FINISHED,0,2,8,3,0,1.4,1.4,0.6,0.8,14,14
2024,2024-09-14 19:00:00+00:00,AFC Bournemouth,Chelsea FC,0.0,1.0,FINISHED,2,0,6,0,3,1.0,1.4,2.0,2.2,14,13
2024,2024-09-15 13:00:00+00:00,Tottenham Hotspur FC,Arsenal FC,0.0,1.0,FINISHED,2,22,1,0,3,1.4,1.8,2.6,1.6,14,15
2024,2024-09-15 15:30:00+00:00,Wolverhampton Wanderers FC,Newcastle United FC,1.0,2.0,FINISHED,2,24,17,0,3,0.2,0.8,2.0,2.0,15,14
2024,2024-09-21 11:30:00+00:00,West Ham United FC,Chelsea FC,0.0,3.0,FINISHED,2,23,6,0,3,0.8,1.2,2.0,2.0,6,6
2024,2024-09-21 14:00:00+00:00,Aston Villa FC,Wolverhampton Wanderers FC,3.0,1.0,FINISHED,0,2,24,3,0,1.8,1.4,0.2,0.8,6,5
2024,2024-09-21 14:00:00+00:00,Fulham FC,Newcastle United FC,3.0,1.0,FINISHED,0,9,17,3,0,1.6,1.6,2.6,2.0,7,5
2024,2024-09-21 14:00:00+00:00,Liverpool FC,AFC Bournemouth,3.0,0.0,FINISHED,0,13,0,3,0,2.4,1.8,1.0,1.2,7,6
2024,2024-09-21 14:00:00+00:00,Tottenham Hotspur FC,Brentford FC,3.0,1.0,FINISHED,0,22,3,3,0,1.4,1.8,1.2,1.6,6,7
2024,2024-09-21 16:30:00+00:00,Crystal Palace FC,Manchester United FC,0.0,0.0,FINISHED,1,7,16,1,1,1.0,1.8,1.8,1.4,7,7
2024,2024-09-22 13:00:00+00:00,Brighton & Hove Albion FC,Nottingham Forest FC,2.0,2.0,FINISHED,1,4,18,1,1,1.6,1.2,2.2,1.2,7,7
2024,2024-09-22 15:30:00+00:00,Manchester City FC,Arsenal FC,2.0,2.0,FINISHED,1,15,1,1,1,3.0,2.8,2.6,1.6,8,7
2024,2024-09-28 11:30:00+00:00,Newcastle United FC,Manchester City FC,1.0,1.0,FINISHED,1,17,15,1,1,2.0,1.4,2.6,2.6,6,5
2024,2024-09-28 14:00:00+00:00,Arsenal FC,Leicester City FC,4.0,2.0,FINISHED,0,1,12,3,0,2.2,1.6,0.6,1.2,5,7
2024,2024-09-28 14:00:00+00:00,Brentford FC,West Ham United FC,1.0,1.0,FINISHED,1,3,23,1,1,1.2,1.4,0.8,1.0,7,7
2024,2024-09-28 14:00:00+00:00,Chelsea FC,Brighton & Hove Albion FC,4.0,2.0,FINISHED,0,6,4,3,0,2.0,2.2,1.8,1.6,7,6
2024,2024-09-28 14:00:00+00:00,Everton FC,Crystal Palace FC,2.0,1.0,FINISHED,0,8,7,3,0,0.2,1.0,0.6,0.8,7,6
2024,2024-09-28 14:00:00+00:00,Nottingham Forest FC,Fulham FC,0.0,1.0,FINISHED,2,18,9,0,3,1.8,1.2,1.6,1.4,6,7
2024,2024-09-28 16:30:00+00:00,Wolverhampton Wanderers FC,Liverpool FC,1.0,2.0,FINISHED,2,24,13,0,3,0.2,1.0,2.4,2.0,7,7
2024,2024-09-29 13:00:00+00:00,Ipswich Town FC,Aston Villa FC,2.0,2.0,FINISHED,1,10,2,1,1,0.6,0.6,2.4,2.0,7,7
2024,2024-09-29 15:30:00+00:00,Manchester United FC,Tottenham Hotspur FC,0.0,3.0,FINISHED,2,16,22,0,3,1.4,1.0,1.4,1.8,7,8
2024,2024-09-30 19:00:00+00:00,AFC Bournemouth,Southampton FC,3.0,1.0,FINISHED,0,0,20,3,0,1.0,1.0,0.2,0.4,9,9
2024,2024-10-05 11:30:00+00:00,Crystal Palace FC,Liverpool FC,0.0,1.0,FINISHED,2,7,13,0,3,0.6,0.8,2.4,2.0,6,6
2024,2024-10-05 14:00:00+00:00,Arsenal FC,Southampton FC,3.0,1.0,FINISHED,0,1,20,3,0,2.2,2.0,0.2,0.6,7,4
2024,2024-10-05 14:00:00+00:00,Brentford FC,Wolverhampton Wanderers FC,5.0,3.0,FINISHED,0,3,24,3,0,0.8,1.2,0.2,1.2,7,6
2024,2024-10-05 14:00:00+00:00,Leicester City FC,AFC Bournemouth,1.0,0.0,FINISHED,0,12,0,3,0,0.4,1.4,1.4,1.4,7,4
2024,2024-10-05 14:00:00+00:00,Manchester City FC,Fulham FC,3.0,2.0,FINISHED,0,15,9,3,0,2.2,2.4,2.2,1.6,7,7
2024,2024-10-05 14:00:00+00:00,West Ham United FC,Ipswich Town FC,4.0,1.0,FINISHED,0,23,10,3,0,1.0,1.0,0.8,1.0,7,6
2024,2024-10-05 16:30:00+00:00,Everton FC,Newcastle United FC,0.0,0.0,FINISHED,1,8,17,1,1,0.8,1.4,1.6,1.4,7,7
2024,2024-10-06 13:00:00+00:00,Chelsea FC,Nottingham Forest FC,1.0,1.0,FINISHED,1,6,18,1,1,2.6,3.0,1.6,1.0,7,7
2024,2024-10-06 13:00:00+00:00,Aston Villa FC,Manchester United FC,0.0,0.0,FINISHED,1,2,16,1,1,2.0,2.0,0.8,0.8,7,6
2024,2024-10-06 15:30:00+00:00,Brighton & Hove Albion FC,Tottenham Hotspur FC,3.0,2.0,FINISHED,0,4,22,3,0,1.2,1.4,1.8,2.2,8,7
2024,2024-10-19 11:30:00+00:00,Tottenham Hotspur FC,West Ham United FC,4.0,1.0,FINISHED,0,22,23,3,0,1.2,1.8,1.0,1.4,12,13
2024,2024-10-19 14:00:00+00:00,Fulham FC,Aston Villa FC,1.0,3.0,FINISHED,2,9,2,0,3,1.6,1.6,2.2,2.0,14,13
2024,2024-10-19 14:00:00+00:00,Ipswich Town FC,Everton FC,0.0,2.0,FINISHED,2,10,8,0,3,0.8,1.0,1.0,1.4,14,13
2024,2024-10-19 14:00:00+00:00,Manchester United FC,Brentford FC,2.0,1.0,FINISHED,0,16,3,3,0,1.0,0.6,1.4,2.2,13,14
2024,2024-10-19 14:00:00+00:00,Newcastle United FC,Brighton & Hove Albion FC,0.0,1.0,FINISHED,2,17,4,0,3,1.6,1.2,1.2,1.6,13,12
2024,2024-10-19 14:00:00+00:00,Southampton FC,Leicester City FC,2.0,3.0,FINISHED,2,20,12,0,3,0.2,0.8,1.0,1.4,14,14
2024,2024-10-19 16:30:00+00:00,AFC Bournemouth,Arsenal FC,2.0,0.0,FINISHED,0,0,1,3,0,1.2,1.2,2.2,2.2,14,14
2024,2024-10-20 13:00:00+00:00,Wolverhampton Wanderers FC,Manchester City FC,1.0,2.0,FINISHED,2,24,15,0,3,0.2,1.4,2.2,2.2,14,14
2024,2024-10-20 15:30:00+00:00,Liverpool FC,Chelsea FC,2.0,1.0,FINISHED,0,13,6,3,0,2.4,1.8,2.2,2.0,15,14
2024,2024-10-21 19:00:00+00:00,Nottingham Forest FC,Crystal Palace FC,1.0,0.0,FINISHED,0,18,7,3,0,1.2,1.0,0.6,0.8,15,16
2024,2024-10-25 19:00:00+00:00,Leicester City FC,Nottingham Forest FC,1.0,3.0,FINISHED,2,12,18,0,3,1.6,1.8,1.6,1.0,6,4
2024,2024-10-26 14:00:00+00:00,Aston Villa FC,AFC Bournemouth,1.0,1.0,FINISHED,1,2,0,1,1,2.2,2.2,1.2,1.0,7,6
2024,2024-10-26 14:00:00+00:00,Brentford FC,Ipswich Town FC,4.0,3.0,FINISHED,0,3,10,3,0,0.8,1.8,0.6,0.8,7,7
2024,2024-10-26 14:00:00+00:00,Brighton & Hove Albion FC,Wolverhampton Wanderers FC,2.0,2.0,FINISHED,1,4,24,1,1,1.6,1.6,0.0,1.4,7,6
2024,2024-10-26 14:00:00+00:00,Manchester City FC,Southampton FC,1.0,0.0,FINISHED,0,15,20,3,0,2.2,2.0,0.2,1.0,6,7
2024,2024-10-26 16:30:00+00:00,Everton FC,Fulham FC,1.0,1.0,FINISHED,1,8,9,1,1,1.6,1.4,1.4,1.6,7,7
2024,2024-10-27 14:00:00+00:00,Chelsea FC,Newcastle United FC,2.0,1.0,FINISHED,0,6,17,3,0,2.0,2.0,1.0,0.8,6,8
2024,2024-10-27 14:00:00+00:00,Crystal Palace FC,Tottenham Hotspur FC,1.0,0.0,FINISHED,0,7,22,3,0,0.4,0.6,1.8,2.4,5,8
2024,2024-10-27 14:00:00+00:00,West Ham United FC,Manchester United FC,2.0,1.0,FINISHED,0,23,16,3,0,1.0,1.4,1.6,1.0,8,8
2024,2024-10-27 16:30:00+00:00,Arsenal FC,Liverpool FC,2.0,2.0,FINISHED,1,1,13,1,1,2.0,2.0,2.4,1.6,8,7
2024,2024-11-02 12:30:00+00:00,Newcastle United FC,Arsenal FC,1.0,0.0,FINISHED,0,17,1,3,0,0.4,0.6,1.6,2.2,5,5
2024,2024-11-02 15:00:00+00:00,AFC Bournemouth,Manchester City FC,2.0,1.0,FINISHED,0,0,15,3,0,1.4,1.2,2.2,1.8,7,7
2024,2024-11-02 15:00:00+00:00,Ipswich Town FC,Leicester City FC,1.0,1.0,FINISHED,1,10,12,1,1,0.4,1.4,1.4,1.6,7,7
2024,2024-11-02 15:00:00+00:00,Liverpool FC,Brighton & Hove Albion FC,2.0,1.0,FINISHED,0,13,4,3,0,2.6,2.0,1.6,2.0,5,7
2024,2024-11-02 15:00:00+00:00,Nottingham Forest FC,West Ham United FC,3.0,0.0,FINISHED,0,18,23,3,0,1.6,1.4,1.4,1.6,7,6
2024,2024-11-02 15:00:00+00:00,Southampton FC,Everton FC,1.0,0.0,FINISHED,0,20,8,3,0,0.2,1.0,1.8,1.2,7,6
2024,2024-11-02 17:30:00+00:00,Wolverhampton Wanderers FC,Crystal Palace FC,2.0,2.0,FINISHED,1,24,7,1,1,0.2,1.6,0.8,0.4,7,6
2024,2024-11-03 14:00:00+00:00,Tottenham Hotspur FC,Aston Villa FC,4.0,1.0,FINISHED,0,22,2,3,0,1.8,2.4,1.8,1.8,7,8
2024,2024-11-03 16:30:00+00:00,Manchester United FC,Chelsea FC,1.0,1.0,FINISHED,1,16,6,1,1,1.0,0.6,2.0,2.2,7,7
2024,2024-11-04 20:00:00+00:00,Fulham FC,Brentford FC,2.0,1.0,FINISHED,0,9,3,3,0,1.4,1.6,1.4,2.4,9,9
2024,2024-11-09 15:00:00+00:00,Wolverhampton Wanderers FC,Southampton FC,2.0,0.0,FINISHED,0,24,20,3,0,0.4,1.8,0.6,1.0,6,7
2024,2024-11-09 15:00:00+00:00,West Ham United FC,Everton FC,0.0,0.0,FINISHED,1,23,8,1,1,1.4,1.6,1.6,1.0,7,7
2024,2024-11-09 15:00:00+00:00,Crystal Palace FC,Fulham FC,0.0,2.0,FINISHED,2,7,9,0,3,0.8,0.8,1.4,1.4,6,4
2024,2024-11-09 15:00:00+00:00,Brentford FC,AFC Bournemouth,3.0,2.0,FINISHED,0,3,0,3,0,1.4,2.4,2.0,1.6,4,7
2024,2024-11-09 17:30:00+00:00,Brighton & Hove Albion FC,Manchester City FC,2.0,1.0,FINISHED,0,4,15,3,0,1.4,1.8,2.0,1.6,7,7
2024,2024-11-09 20:00:00+00:00,Liverpool FC,Aston Villa FC,2.0,0.0,FINISHED,0,13,2,3,0,2.6,1.8,1.2,1.4,7,6
2024,2024-11-10 14:00:00+00:00,Manchester United FC,Leicester City FC,3.0,0.0,FINISHED,0,16,12,3,0,1.0,0.8,1.4,1.6,6,7
2024,2024-11-10 14:00:00+00:00,Nottingham Forest FC,Newcastle United FC,1.0,3.0,FINISHED,2,18,17,0,3,2.0,1.6,1.0,0.6,7,8
2024,2024-11-10 14:00:00+00:00,Tottenham Hotspur FC,Ipswich Town FC,1.0,2.0,FINISHED,2,22,10,0,3,1.8,2.6,0.4,1.4,7,7
2024,2024-11-10 16:30:00+00:00,Chelsea FC,Arsenal FC,1.0,1.0,FINISHED,1,6,1,1,1,1.6,1.8,1.4,1.8,7,8
2024,2024-11-23 12:30:00+00:00,Leicester City FC,Chelsea FC,1.0,2.0,FINISHED,2,12,6,0,3,1.4,1.2,1.2,1.2,12,12
2024,2024-11-23 15:00:00+00:00,AFC Bournemouth,Brighton & Hove Albion FC,1.0,2.0,FINISHED,2,0,4,0,3,1.4,1.4,2.0,1.8,14,13
2024,2024-11-23 15:00:00+00:00,Arsenal FC,Nottingham Forest FC,3.0,0.0,FINISHED,0,1,18,3,0,1.0,1.2,2.0,1.8,12,13
2024,2024-11-23 15:00:00+00:00,Aston Villa FC,Crystal Palace FC,2.0,2.0,FINISHED,1,2,7,1,1,1.0,1.0,0.8,0.6,13,14
2024,2024-11-23 15:00:00+00:00,Everton FC,Brentford FC,0.0,0.0,FINISHED,1,8,3,1,1,1.2,0.6,1.8,2.8,14,14
2024,2024-11-23 15:00:00+00:00,Fulham FC,Wolverhampton Wanderers FC,1.0,4.0,FINISHED,2,9,24,0,3,1.4,1.6,1.0,2.0,14,14
2024,2024-11-23 17:30:00+00:00,Manchester City FC,Tottenham Hotspur FC,0.0,4.0,FINISHED,2,15,22,0,3,1.8,1.6,1.2,2.2,14,13
2024,2024-11-24 14:00:00+00:00,Southampton FC,Liverpool FC,2.0,3.0,FINISHED,2,20,13,0,3,0.6,0.8,2.6,1.8,14,14
2024,2024-11-24 16:30:00+00:00,Ipswich Town FC,Manchester United FC,1.0,1.0,FINISHED,1,10,16,1,1,0.8,1.4,1.6,1.4,14,14
2024,2024-11-25 20:00:00+00:00,Newcastle United FC,West Ham United FC,0.0,2.0,FINISHED,2,17,23,0,3,1.4,1.0,1.4,1.4,15,16
2024,2024-11-29 20:00:00+00:00,Brighton & Hove Albion FC,Southampton FC,1.0,1.0,FINISHED,1,4,20,1,1,2.0,1.6,0.6,1.0,6,5
2024,2024-11-30 15:00:00+00:00,Brentford FC,Leicester City FC,4.0,1.0,FINISHED,0,3,12,3,0,1.4,1.8,0.8,1.2,7,7
2024,2024-11-30 15:00:00+00:00,Crystal Palace FC,Newcastle United FC,1.0,1.0,FINISHED,1,7,17,1,1,1.0,1.0,1.2,1.0,7,4
2024,2024-11-30 15:00:00+00:00,Nottingham Forest FC,Ipswich Town FC,1.0,0.0,FINISHED,0,18,10,3,0,1.8,1.6,1.0,1.4,7,5
2024,2024-11-30 15:00:00+00:00,Wolverhampton Wanderers FC,AFC Bournemouth,2.0,4.0,FINISHED,2,24,0,0,3,1.6,2.2,1.4,1.6,7,7
2024,2024-11-30 17:30:00+00:00,West Ham United FC,Arsenal FC,2.0,5.0,FINISHED,2,23,1,0,3,1.4,1.0,1.0,1.2,4,7
2024,2024-12-01 13:30:00+00:00,Chelsea FC,Aston Villa FC,3.0,0.0,FINISHED,0,6,2,3,0,1.6,1.4,1.0,1.4,8,7
2024,2024-12-01 13:30:00+00:00,Manchester United FC,Everton FC,4.0,0.0,FINISHED,0,16,8,3,0,1.6,1.6,1.2,0.6,6,7
2024,2024-12-01 13:30:00+00:00,Tottenham Hotspur FC,Fulham FC,1.0,1.0,FINISHED,1,22,9,1,1,1.8,2.6,1.4,1.4,7,7
2024,2024-12-01 16:00:00+00:00,Liverpool FC,Manchester City FC,2.0,0.0,FINISHED,0,13,15,3,0,2.6,2.2,1.2,1.0,7,7
2024,2024-12-03 19:30:00+00:00,Ipswich Town FC,Crystal Palace FC,0.0,1.0,FINISHED,2,10,7,0,3,1.0,1.4,1.2,1.2,3,3
2024,2024-12-03 20:15:00+00:00,Leicester City FC,West Ham United FC,3.0,1.0,FINISHED,0,12,23,3,0,0.2,0.8,1.4,1.2,3,3
2024,2024-12-04 19:30:00+00:00,Southampton FC,Chelsea FC,1.0,5.0,FINISHED,2,20,6,0,3,0.8,0.8,2.2,1.8,4,3
2024,2024-12-04 19:30:00+00:00,Manchester City FC,Nottingham Forest FC,3.0,0.0,FINISHED,0,15,18,3,0,0.6,0.6,1.8,1.6,3,4
2024,2024-12-04 19:30:00+00:00,Everton FC,Wolverhampton Wanderers FC,4.0,0.0,FINISHED,0,8,24,3,0,0.6,0.2,1.6,2.4,3,4
2024,2024-12-04 19:30:00+00:00,Newcastle United FC,Liverpool FC,3.0,3.0,FINISHED,1,17,13,1,1,1.4,1.2,2.6,2.2,4,3
2024,2024-12-04 20:15:00+00:00,Arsenal FC,Manchester United FC,2.0,0.0,FINISHED,0,1,16,3,0,1.6,2.2,1.6,2.0,4,3
2024,2024-12-04 20:15:00+00:00,Aston Villa FC,Brentford FC,3.0,1.0,FINISHED,0,2,3,3,0,0.4,0.8,2.0,2.4,3,4
2024,2024-12-05 19:30:00+00:00,Fulham FC,Brighton & Hove Albion FC,3.0,1.0,FINISHED,0,9,4,3,0,1.6,1.4,1.6,1.6,4,5
2024,2024-12-05 20:15:00+00:00,AFC Bournemouth,Tottenham Hotspur FC,1.0,0.0,FINISHED,0,0,22,3,0,1.4,2.0,1.4,2.0,5,4
2024,2024-12-07 15:00:00+00:00,Aston Villa FC,Southampton FC,1.0,0.0,FINISHED,0,2,20,3,0,0.8,1.2,0.8,1.0,2,2
2024,2024-12-07 15:00:00+00:00,Brentford FC,Newcastle United FC,4.0,2.0,FINISHED,0,3,17,3,0,1.4,1.8,1.6,1.6,2,2
2024,2024-12-07 15:00:00+00:00,Crystal Palace FC,Manchester City FC,2.0,2.0,FINISHED,1,7,15,1,1,1.2,1.2,0.6,1.0,3,2
2024,2024-12-07 17:30:00+00:00,Manchester United FC,Nottingham Forest FC,2.0,3.0,FINISHED,2,16,18,0,3,1.6,1.8,1.2,1.0,2,2
2024,2024-12-08 14:00:00+00:00,Fulham FC,Arsenal FC,1.0,1.0,FINISHED,1,9,1,1,1,2.0,1.8,2.0,2.2,2,3
2024,2024-12-08 14:00:00+00:00,Ipswich Town FC,AFC Bournemouth,1.0,2.0,FINISHED,2,10,0,0,3,1.0,0.8,1.8,2.0,4,2
2024,2024-12-08 14:00:00+00:00,Leicester City FC,Brighton & Hove Albion FC,2.0,2.0,FINISHED,1,12,4,1,1,0.8,1.2,1.4,1.4,4,2
2024,2024-12-08 16:30:00+00:00,Tottenham Hotspur FC,Chelsea FC,3.0,4.0,FINISHED,2,22,6,0,3,1.4,2.0,2.2,2.4,2,3
2024,2024-12-09 20:00:00+00:00,West Ham United FC,Wolverhampton Wanderers FC,2.0,1.0,FINISHED,0,23,24,3,0,0.8,1.0,1.4,2.0,5,5
2024,2024-12-14 15:00:00+00:00,Arsenal FC,Everton FC,0.0,0.0,FINISHED,1,1,8,1,1,2.2,2.4,1.0,0.8,6,9
2024,2024-12-14 15:00:00+00:00,Liverpool FC,Fulham FC,2.0,2.0,FINISHED,1,13,9,1,1,2.6,2.4,1.6,1.6,9,6
2024,2024-12-14 15:00:00+00:00,Newcastle United FC,Leicester City FC,4.0,0.0,FINISHED,0,17,12,3,0,1.0,1.8,0.8,1.4,7,6
2024,2024-12-14 15:00:00+00:00,Wolverhampton Wanderers FC,Ipswich Town FC,1.0,2.0,FINISHED,2,24,10,0,3,1.2,1.8,0.8,0.8,4,6
2024,2024-12-14 17:30:00+00:00,Nottingham Forest FC,Aston Villa FC,2.0,1.0,FINISHED,0,18,2,3,0,1.2,1.0,1.4,1.2,7,7
2024,2024-12-15 14:00:00+00:00,Brighton & Hove Albion FC,Crystal Palace FC,1.0,3.0,FINISHED,2,4,7,0,3,1.6,1.6,1.2,1.2,7,7
2024,2024-12-15 16:30:00+00:00,Manchester City FC,Manchester United FC,1.0,2.0,FINISHED,2,15,16,0,3,0.8,1.2,1.4,2.0,8,7
2024,2024-12-15 19:00:00+00:00,Chelsea FC,Brentford FC,2.0,1.0,FINISHED,0,6,3,3,0,2.6,3.0,2.0,2.4,7,8
2024,2024-12-15 19:00:00+00:00,Southampton FC,Tottenham Hotspur FC,0.0,5.0,FINISHED,2,20,22,0,3,0.2,0.8,0.8,1.8,8,7
2024,2024-12-16 20:00:00+00:00,AFC Bournemouth,West Ham United FC,1.0,1.0,FINISHED,1,0,23,1,1,1.8,2.0,1.4,1.4,8,7
2024,2024-12-21 12:30:00+00:00,Aston Villa FC,Manchester City FC,2.0,1.0,FINISHED,0,2,15,3,0,1.4,1.4,0.8,1.2,6,5
2024,2024-12-21 15:00:00+00:00,Ipswich Town FC,Newcastle United FC,0.0,4.0,FINISHED,2,10,17,0,3,0.8,0.8,1.0,2.0,7,7
2024,2024-12-21 15:00:00+00:00,Brentford FC,Nottingham Forest FC,0.0,2.0,FINISHED,2,3,18,0,3,1.4,2.0,1.8,1.2,5,6
2024,2024-12-21 15:00:00+00:00,West Ham United FC,Brighton & Hove Albion FC,1.0,1.0,FINISHED,1,23,4,1,1,1.4,1.6,1.0,1.4,4,6
2024,2024-12-21 17:30:00+00:00,Crystal Palace FC,Arsenal FC,1.0,5.0,FINISHED,2,7,1,0,3,1.8,1.8,2.2,2.2,6,7
2024,2024-12-22 14:00:00+00:00,Leicester City FC,Wolverhampton Wanderers FC,0.0,3.0,FINISHED,2,12,24,0,3,0.8,1.4,0.6,1.6,7,7
2024,2024-12-22 14:00:00+00:00,Manchester United FC,AFC Bournemouth,0.0,3.0,FINISHED,2,16,0,0,3,1.4,1.8,2.0,1.8,6,5
2024,2024-12-22 14:00:00+00:00,Everton FC,Chelsea FC,0.0,0.0,FINISHED,1,8,6,1,1,1.2,0.8,3.0,3.2,7,6
2024,2024-12-22 14:00:00+00:00,Fulham FC,Southampton FC,0.0,0.0,FINISHED,1,9,20,1,1,1.2,1.6,0.2,0.8,7,6
2024,2024-12-22 16:30:00+00:00,Tottenham Hotspur FC,Liverpool FC,3.0,6.0,FINISHED,2,22,13,0,3,1.4,2.6,2.2,2.4,6,8
2024,2024-12-26 12:30:00+00:00,Manchester City FC,Everton FC,1.0,1.0,FINISHED,1,15,8,1,1,0.8,1.4,1.2,0.8,5,3
2024,2024-12-26 15:00:00+00:00,AFC Bournemouth,Crystal Palace FC,0.0,0.0,FINISHED,1,0,7,1,1,2.6,2.2,1.6,1.6,4,4
2024,2024-12-26 15:00:00+00:00,Chelsea FC,Fulham FC,1.0,2.0,FINISHED,2,6,9,0,3,2.6,2.8,1.4,1.4,4,4
2024,2024-12-26 15:00:00+00:00,Newcastle United FC,Aston Villa FC,3.0,0.0,FINISHED,0,17,2,3,0,1.6,2.8,1.8,1.4,5,5
2024,2024-12-26 15:00:00+00:00,Nottingham Forest FC,Tottenham Hotspur FC,1.0,0.0,FINISHED,0,18,22,3,0,2.4,1.6,0.8,2.4,5,3
2024,2024-12-26 15:00:00+00:00,Southampton FC,West Ham United FC,0.0,1.0,FINISHED,2,20,23,0,3,0.4,0.4,1.0,1.4,4,5
2024,2024-12-26 17:30:00+00:00,Wolverhampton Wanderers FC,Manchester United FC,2.0,0.0,FINISHED,0,24,16,3,0,0.6,1.4,1.2,1.6,4,4
2024,2024-12-26 20:00:00+00:00,Liverpool FC,Leicester City FC,3.0,1.0,FINISHED,0,13,12,3,0,2.2,3.2,0.8,1.2,4,4
2024,2024-12-27 19:30:00+00:00,Brighton & Hove Albion FC,Brentford FC,0.0,0.0,FINISHED,1,4,3,1,1,0.6,1.2,1.2,2.0,6,6
2024,2024-12-27 20:15:00+00:00,Arsenal FC,Ipswich Town FC,1.0,0.0,FINISHED,0,1,10,3,0,2.2,2.6,0.6,0.6,6,6
2024,2024-12-29 14:30:00+00:00,Leicester City FC,Manchester City FC,0.0,2.0,FINISHED,2,12,15,0,3,0.8,1.2,1.0,1.6,2,3
2024,2024-12-29 15:00:00+00:00,Crystal Palace FC,Southampton FC,2.0,1.0,FINISHED,0,7,20,3,0,1.6,1.4,0.2,0.2,3,3
2024,2024-12-29 15:00:00+00:00,Everton FC,Nottingham Forest FC,0.0,2.0,FINISHED,2,8,18,0,3,1.2,1.0,2.4,1.6,3,3
2024,2024-12-29 15:00:00+00:00,Fulham FC,AFC Bournemouth,2.0,2.0,FINISHED,1,9,0,1,1,1.8,1.6,2.2,1.4,3,3
2024,2024-12-29 15:00:00+00:00,Tottenham Hotspur FC,Wolverhampton Wanderers FC,2.0,2.0,FINISHED,1,22,24,1,1,0.6,2.2,1.2,1.4,3,2
2024,2024-12-29 17:15:00+00:00,West Ham United FC,Liverpool FC,0.0,5.0,FINISHED,2,23,13,0,3,1.6,1.2,2.2,3.2,3,2
2024,2024-12-30 19:45:00+00:00,Ipswich Town FC,Chelsea FC,2.0,0.0,FINISHED,0,10,6,3,0,0.6,0.6,2.0,2.4,2,4
2024,2024-12-30 19:45:00+00:00,Aston Villa FC,Brighton & Hove Albion FC,2.0,2.0,FINISHED,1,2,4,1,1,1.8,1.4,0.6,1.0,4,3
2024,2024-12-30 20:00:00+00:00,Manchester United FC,Newcastle United FC,0.0,2.0,FINISHED,2,16,17,0,3,0.6,0.8,2.0,3.2,4,4
2024,2025-01-01 17:30:00+00:00,Brentford FC,Arsenal FC,1.0,3.0,FINISHED,2,3,1,0,3,0.8,1.2,2.2,1.8,4,4
2024,2025-01-04 12:30:00+00:00,Tottenham Hotspur FC,Newcastle United FC,1.0,2.0,FINISHED,2,22,17,0,3,0.8,2.6,2.4,3.0,5,4
2024,2025-01-04 15:00:00+00:00,Manchester City FC,West Ham United FC,4.0,1.0,FINISHED,0,15,23,3,0,1.0,1.4,1.6,1.0,6,5
2024,2025-01-04 15:00:00+00:00,Southampton FC,Brentford FC,0.0,5.0,FINISHED,2,20,3,0,3,0.2,0.2,0.8,1.2,6,2
2024,2025-01-04 15:00:00+00:00,Crystal Palace FC,Chelsea FC,1.0,1.0,FINISHED,1,7,6,1,1,1.6,1.6,1.4,1.4,6,4
2024,2025-01-04 15:00:00+00:00,AFC Bournemouth,Everton FC,1.0,0.0,FINISHED,0,0,8,3,0,1.8,1.6,1.2,1.0,6,6
2024,2025-01-04 15:00:00+00:00,Aston Villa FC,Leicester City FC,2.0,1.0,FINISHED,0,2,12,3,0,1.4,1.2,0.2,0.6,4,6
2024,2025-01-04 17:30:00+00:00,Brighton & Hove Albion FC,Arsenal FC,1.0,1.0,FINISHED,1,4,1,1,1,0.8,1.2,2.2,2.0,4,3
2024,2025-01-05 14:00:00+00:00,Fulham FC,Ipswich Town FC,2.0,2.0,FINISHED,1,9,10,1,1,1.4,1.4,1.2,1.0,6,5
2024,2025-01-05 16:30:00+00:00,Liverpool FC,Manchester United FC,2.0,2.0,FINISHED,1,13,16,1,1,2.2,3.8,0.6,0.8,6,5
2024,2025-01-06 20:00:00+00:00,Wolverhampton Wanderers FC,Nottingham Forest FC,0.0,3.0,FINISHED,2,24,18,0,3,1.4,1.8,3.0,2.0,8,8
2024,2025-01-14 19:30:00+00:00,West Ham United FC,Fulham FC,3.0,2.0,FINISHED,0,23,9,3,0,1.0,0.8,1.4,1.6,10,9
2024,2025-01-14 19:30:00+00:00,Brentford FC,Manchester City FC,2.0,2.0,FINISHED,1,3,15,1,1,0.8,1.4,1.4,1.8,10,10
2024,2025-01-14 19:30:00+00:00,Chelsea FC,AFC Bournemouth,2.0,2.0,FINISHED,1,6,0,1,1,1.0,0.8,1.8,1.4,10,10
2024,2025-01-14 20:00:00+00:00,Nottingham Forest FC,Liverpool FC,1.0,1.0,FINISHED,1,18,13,1,1,3.0,2.0,2.2,3.6,8,9
2024,2025-01-15 19:30:00+00:00,Newcastle United FC,Wolverhampton Wanderers FC,3.0,0.0,FINISHED,0,17,24,3,0,3.0,3.0,1.4,1.6,11,8
2024,2025-01-15 19:30:00+00:00,Everton FC,Aston Villa FC,0.0,1.0,FINISHED,2,8,2,0,3,0.6,0.2,1.4,1.4,11,11
2024,2025-01-15 20:00:00+00:00,Arsenal FC,Tottenham Hotspur FC,2.0,1.0,FINISHED,0,1,22,3,0,2.2,2.0,0.8,2.2,11,11
2024,2025-01-16 19:30:00+00:00,Ipswich Town FC,Brighton & Hove Albion FC,0.0,2.0,FINISHED,2,10,4,0,3,1.4,1.2,0.8,1.0,11,12
2024,2025-01-16 20:00:00+00:00,Manchester United FC,Southampton FC,3.0,1.0,FINISHED,0,16,20,3,0,0.8,0.8,0.2,0.2,11,12
2024,2025-01-18 12:30:00+00:00,Newcastle United FC,AFC Bournemouth,1.0,4.0,FINISHED,2,17,0,0,3,3.0,2.8,1.8,1.6,2,3
2024,2025-01-18 15:00:00+00:00,West Ham United FC,Crystal Palace FC,0.0,2.0,FINISHED,2,23,7,0,3,1.4,1.2,1.6,1.2,3,2
2024,2025-01-18 15:00:00+00:00,Brentford FC,Liverpool FC,0.0,2.0,FINISHED,2,3,13,0,3,1.0,1.6,2.2,3.4,3,3
2024,2025-01-18 17:30:00+00:00,Arsenal FC,Aston Villa FC,2.0,2.0,FINISHED,1,1,2,1,1,2.6,2.4,2.0,1.4,2,2
2024,2025-01-19 14:00:00+00:00,Manchester United FC,Brighton & Hove Albion FC,1.0,3.0,FINISHED,2,16,4,0,3,0.8,1.0,1.4,1.2,2,2
2024,2025-01-19 14:00:00+00:00,Nottingham Forest FC,Southampton FC,3.0,2.0,FINISHED,0,18,20,3,0,2.6,1.8,0.2,0.4,4,2
2024,2025-01-19 14:00:00+00:00,Everton FC,Tottenham Hotspur FC,3.0,2.0,FINISHED,0,8,22,3,0,0.4,0.2,0.2,1.4,3,3
2024,2025-01-19 16:30:00+00:00,Ipswich Town FC,Manchester City FC,0.0,6.0,FINISHED,2,10,15,0,3,0.8,0.8,1.6,2.0,2,4
2024,2025-01-20 20:00:00+00:00,Chelsea FC,Wolverhampton Wanderers FC,3.0,1.0,FINISHED,0,6,24,3,0,0.6,0.8,1.4,1.4,6,5
2024,2025-01-25 15:00:00+00:00,Wolverhampton Wanderers FC,Arsenal FC,0.0,1.0,FINISHED,2,24,1,0,3,0.8,1.0,2.2,1.8,4,6
2024,2025-01-25 15:00:00+00:00,AFC Bournemouth,Nottingham Forest FC,5.0,0.0,FINISHED,0,0,18,3,0,1.8,1.8,2.6,2.0,7,6
2024,2025-01-25 15:00:00+00:00,Liverpool FC,Ipswich Town FC,4.0,1.0,FINISHED,0,13,10,3,0,2.2,2.6,0.8,0.8,7,5
2024,2025-01-25 15:00:00+00:00,Brighton & Hove Albion FC,Everton FC,0.0,1.0,FINISHED,2,4,8,0,3,1.8,1.6,0.8,0.8,6,6
2024,2025-01-25 17:30:00+00:00,Manchester City FC,Chelsea FC,3.0,1.0,FINISHED,0,15,6,3,0,2.2,3.0,1.0,1.4,6,4
2024,2025-01-26 14:00:00+00:00,Crystal Palace FC,Brentford FC,1.0,2.0,FINISHED,2,7,3,0,3,2.2,1.4,1.0,1.6,7,7
2024,2025-01-26 14:00:00+00:00,Tottenham Hotspur FC,Leicester City FC,1.0,2.0,FINISHED,2,22,12,0,3,0.2,1.2,0.0,0.4,7,7
2024,2025-01-26 16:30:00+00:00,Aston Villa FC,West Ham United FC,1.0,1.0,FINISHED,1,2,23,1,1,1.6,1.4,1.2,1.0,7,8
2024,2025-01-26 19:00:00+00:00,Fulham FC,Manchester United FC,0.0,1.0,FINISHED,2,9,16,0,3,1.6,2.0,0.8,1.2,8,7
2024,2025-02-01 12:30:00+00:00,Nottingham Forest FC,Brighton & Hove Albion FC,7.0,0.0,FINISHED,0,18,4,3,0,2.0,1.8,1.6,1.6,6,6
2024,2025-02-01 15:00:00+00:00,Ipswich Town FC,Southampton FC,1.0,2.0,FINISHED,2,10,20,0,3,0.8,1.0,0.0,1.0,7,7
2024,2025-02-01 15:00:00+00:00,Newcastle United FC,Fulham FC,1.0,2.0,FINISHED,2,17,9,0,3,2.4,2.2,1.0,1.6,7,5
2024,2025-02-01 15:00:00+00:00,Everton FC,Leicester City FC,4.0,0.0,FINISHED,0,8,12,3,0,1.2,0.8,0.6,0.6,7,6
2024,2025-02-01 15:00:00+00:00,AFC Bournemouth,Liverpool FC,0.0,2.0,FINISHED,2,0,13,0,3,2.2,2.8,2.2,2.8,7,7
2024,2025-02-01 17:30:00+00:00,Wolverhampton Wanderers FC,Aston Villa FC,2.0,0.0,FINISHED,0,24,2,3,0,0.2,0.6,1.8,1.6,7,6
2024,2025-02-02 14:00:00+00:00,Manchester United FC,Crystal Palace FC,0.0,2.0,FINISHED,2,16,7,0,3,1.4,1.4,2.0,1.6,6,7
2024,2025-02-02 14:00:00+00:00,Brentford FC,Tottenham Hotspur FC,0.0,2.0,FINISHED,2,3,22,0,3,1.4,2.0,0.2,1.4,7,7
2024,2025-02-02 16:30:00+00:00,Arsenal FC,Manchester City FC,5.0,1.0,FINISHED,0,1,15,3,0,2.2,1.8,2.6,3.4,8,7
2024,2025-02-03 20:00:00+00:00,Chelsea FC,West Ham United FC,2.0,1.0,FINISHED,0,6,23,3,0,1.0,1.4,0.8,1.0,9,8
2024,2025-02-12 19:30:00+00:00,Everton FC,Liverpool FC,2.0,2.0,FINISHED,1,8,13,1,1,1.8,1.6,2.2,2.2,11,11
2024,2025-02-14 20:00:00+00:00,Brighton & Hove Albion FC,Chelsea FC,3.0,0.0,FINISHED,0,4,6,3,0,1.4,1.2,1.6,1.8,13,11
2024,2025-02-15 12:30:00+00:00,Leicester City FC,Arsenal FC,0.0,2.0,FINISHED,2,12,1,0,3,0.6,0.6,2.2,2.2,13,12
2024,2025-02-15 15:00:00+00:00,Manchester City FC,Newcastle United FC,4.0,0.0,FINISHED,0,15,17,3,0,2.0,3.2,1.8,2.0,12,14
2024,2025-02-15 15:00:00+00:00,Aston Villa FC,Ipswich Town FC,1.0,1.0,FINISHED,1,2,10,1,1,1.6,1.2,0.2,0.8,13,14
2024,2025-02-15 15:00:00+00:00,Fulham FC,Nottingham Forest FC,2.0,1.0,FINISHED,0,9,18,3,0,1.4,1.6,2.0,2.8,14,14
2024,2025-02-15 15:00:00+00:00,Southampton FC,AFC Bournemouth,1.0,3.0,FINISHED,2,20,0,0,3,0.6,1.2,2.0,2.4,14,14
2024,2025-02-15 15:00:00+00:00,West Ham United FC,Brentford FC,0.0,1.0,FINISHED,2,23,3,0,3,0.8,1.2,1.4,1.8,11,13
2024,2025-02-15 17:30:00+00:00,Crystal Palace FC,Everton FC,1.0,2.0,FINISHED,2,7,8,0,3,2.0,1.6,2.0,2.0,13,2
2024,2025-02-16 14:00:00+00:00,Liverpool FC,Wolverhampton Wanderers FC,2.0,1.0,FINISHED,0,13,24,3,0,2.2,2.2,0.6,0.6,3,14
2024,2025-02-16 16:30:00+00:00,Tottenham Hotspur FC,Manchester United FC,1.0,0.0,FINISHED,0,22,16,3,0,0.6,1.4,1.4,1.4,14,14
2024,2025-02-19 19:30:00+00:00,Aston Villa FC,Liverpool FC,2.0,2.0,FINISHED,1,2,13,1,1,1.2,1.0,2.6,2.4,4,3
2024,2025-02-21 20:00:00+00:00,Leicester City FC,Brentford FC,0.0,4.0,FINISHED,2,12,3,0,3,0.6,0.4,1.4,1.0,6,6
2024,2025-02-22 12:30:00+00:00,Everton FC,Manchester United FC,2.0,2.0,FINISHED,1,8,16,1,1,2.6,2.4,1.2,1.0,6,5
2024,2025-02-22 15:00:00+00:00,Southampton FC,Brighton & Hove Albion FC,0.0,4.0,FINISHED,2,20,4,0,3,0.6,1.4,1.8,1.6,7,7
2024,2025-02-22 15:00:00+00:00,AFC Bournemouth,Wolverhampton Wanderers FC,0.0,1.0,FINISHED,2,0,24,0,3,2.0,2.8,0.6,0.8,7,6
2024,2025-02-22 15:00:00+00:00,Fulham FC,Crystal Palace FC,0.0,2.0,FINISHED,2,9,7,0,3,1.8,1.6,1.8,1.6,7,6
2024,2025-02-22 15:00:00+00:00,Ipswich Town FC,Tottenham Hotspur FC,1.0,4.0,FINISHED,2,10,22,0,3,0.2,0.6,1.2,1.4,7,5
2024,2025-02-22 15:00:00+00:00,Arsenal FC,West Ham United FC,0.0,1.0,FINISHED,2,1,23,0,3,2.6,2.4,0.8,1.0,7,7
2024,2025-02-22 17:30:00+00:00,Aston Villa FC,Chelsea FC,2.0,1.0,FINISHED,0,2,6,3,0,0.8,1.2,1.4,1.6,2,7
2024,2025-02-23 14:00:00+00:00,Newcastle United FC,Nottingham Forest FC,4.0,3.0,FINISHED,0,17,18,3,0,1.2,1.6,1.4,2.4,7,7
2024,2025-02-23 16:30:00+00:00,Manchester City FC,Liverpool FC,0.0,2.0,FINISHED,2,15,13,0,3,2.0,3.2,2.2,2.4,8,3
2024,2025-02-25 19:30:00+00:00,Brighton & Hove Albion FC,AFC Bournemouth,2.0,1.0,FINISHED,0,4,0,3,0,1.8,2.0,1.8,2.4,3,3
2024,2025-02-25 19:30:00+00:00,Crystal Palace FC,Aston Villa FC,4.0,1.0,FINISHED,0,7,2,3,0,1.8,1.6,1.2,1.2,3,3
2024,2025-02-25 19:30:00+00:00,Wolverhampton Wanderers FC,Fulham FC,1.0,2.0,FINISHED,2,24,9,0,3,1.2,1.0,1.8,1.2,3,3
2024,2025-02-25 20:15:00+00:00,Chelsea FC,Southampton FC,4.0,0.0,FINISHED,0,6,20,3,0,1.2,1.4,0.6,1.2,3,3
2024,2025-02-26 19:30:00+00:00,Nottingham Forest FC,Arsenal FC,0.0,0.0,FINISHED,1,18,1,1,1,1.2,2.8,2.0,2.0,3,4
2024,2025-02-26 19:30:00+00:00,Brentford FC,Everton FC,1.0,1.0,FINISHED,1,3,8,1,1,1.8,1.4,2.2,2.2,4,4
2024,2025-02-26 19:30:00+00:00,Tottenham Hotspur FC,Manchester City FC,0.0,1.0,FINISHED,2,22,15,0,3,1.8,2.0,1.8,2.8,4,3
2024,2025-02-26 19:30:00+00:00,Manchester United FC,Ipswich Town FC,3.0,2.0,FINISHED,0,16,10,3,0,0.8,0.8,0.2,0.8,4,4
2024,2025-02-26 20:15:00+00:00,Liverpool FC,Newcastle United FC,2.0,0.0,FINISHED,0,13,17,3,0,2.2,2.0,1.2,1.8,3,3
2024,2025-02-27 20:00:00+00:00,West Ham United FC,Leicester City FC,2.0,0.0,FINISHED,0,23,12,3,0,0.8,0.6,0.6,0.4,5,6
2024,2025-03-08 12:30:00+00:00,Nottingham Forest FC,Manchester City FC,1.0,0.0,FINISHED,0,18,15,3,0,0.8,2.2,1.8,1.8,9,9
2024,2025-03-08 15:00:00+00:00,Brighton & Hove Albion FC,Fulham FC,2.0,1.0,FINISHED,0,4,9,3,0,1.8,1.8,1.8,1.2,10,10
2024,2025-03-08 15:00:00+00:00,Crystal Palace FC,Ipswich Town FC,1.0,0.0,FINISHED,0,7,10,3,0,1.8,2.0,0.2,1.2,10,9
2024,2025-03-08 15:00:00+00:00,Liverpool FC,Southampton FC,3.0,1.0,FINISHED,0,13,20,3,0,2.2,2.0,0.6,0.8,9,10
2024,2025-03-08 17:30:00+00:00,Brentford FC,Aston Villa FC,0.0,1.0,FINISHED,2,3,2,0,3,2.0,1.6,1.0,1.2,9,10
2024,2025-03-08 20:00:00+00:00,Wolverhampton Wanderers FC,Everton FC,1.0,1.0,FINISHED,1,24,8,1,1,1.2,1.0,1.8,2.2,11,10
2024,2025-03-09 14:00:00+00:00,Tottenham Hotspur FC,AFC Bournemouth,2.0,2.0,FINISHED,1,22,0,1,1,1.8,1.6,1.2,1.8,10,11
2024,2025-03-09 14:00:00+00:00,Chelsea FC,Leicester City FC,1.0,0.0,FINISHED,0,6,12,3,0,1.2,1.6,0.6,0.4,11,9
2024,2025-03-09 16:30:00+00:00,Manchester United FC,Arsenal FC,1.0,1.0,FINISHED,1,16,1,1,1,1.4,1.2,2.0,1.6,10,10
2024,2025-03-10 20:00:00+00:00,West Ham United FC,Newcastle United FC,0.0,1.0,FINISHED,2,23,17,0,3,1.4,1.0,1.2,1.6,11,11
2024,2025-03-15 15:00:00+00:00,Everton FC,West Ham United FC,1.0,1.0,FINISHED,1,8,23,1,1,1.4,1.6,1.2,0.8,6,4
2024,2025-03-15 15:00:00+00:00,Ipswich Town FC,Nottingham Forest FC,2.0,4.0,FINISHED,2,10,18,0,3,0.2,1.0,1.4,2.4,7,7
2024,2025-03-15 15:00:00+00:00,Manchester City FC,Brighton & Hove Albion FC,2.0,2.0,FINISHED,1,15,4,1,1,1.2,1.2,2.4,2.2,7,7
2024,2025-03-15 15:00:00+00:00,Southampton FC,Wolverhampton Wanderers FC,1.0,2.0,FINISHED,2,20,24,0,3,0.6,0.8,1.4,1.2,7,6
2024,2025-03-15 17:30:00+00:00,AFC Bournemouth,Brentford FC,1.0,2.0,FINISHED,2,0,3,0,3,0.8,1.2,1.4,1.2,6,7
2024,2025-03-16 13:30:00+00:00,Arsenal FC,Chelsea FC,1.0,0.0,FINISHED,0,1,6,3,0,1.6,1.6,1.8,1.6,6,6
2024,2025-03-16 13:30:00+00:00,Fulham FC,Tottenham Hotspur FC,2.0,0.0,FINISHED,0,9,22,3,0,1.8,1.4,2.0,1.8,7,6
2024,2025-04-01 18:45:00+00:00,Arsenal FC,Fulham FC,2.0,1.0,FINISHED,0,1,9,3,0,1.6,0.8,1.8,1.4,16,16
2024,2025-04-01 18:45:00+00:00,Wolverhampton Wanderers FC,West Ham United FC,1.0,0.0,FINISHED,0,24,23,3,0,1.4,1.2,1.4,0.8,17,17
2024,2025-04-01 19:00:00+00:00,Nottingham Forest FC,Manchester United FC,1.0,0.0,FINISHED,0,18,16,3,0,1.4,1.8,1.6,1.8,17,16
2024,2025-04-02 18:45:00+00:00,AFC Bournemouth,Ipswich Town FC,1.0,2.0,FINISHED,2,0,10,0,3,0.8,1.4,0.2,1.2,18,18
2024,2025-04-02 18:45:00+00:00,Brighton & Hove Albion FC,Aston Villa FC,0.0,3.0,FINISHED,2,4,2,0,3,2.6,2.6,1.6,1.4,18,25
2024,2025-04-02 18:45:00+00:00,Manchester City FC,Leicester City FC,2.0,0.0,FINISHED,0,15,12,3,0,1.4,1.4,0.0,0.0,18,16
2024,2025-04-02 18:45:00+00:00,Newcastle United FC,Brentford FC,2.0,1.0,FINISHED,0,17,3,3,0,1.2,1.2,2.0,1.6,22,18
2024,2025-04-02 19:00:00+00:00,Liverpool FC,Everton FC,1.0,0.0,FINISHED,0,13,8,3,0,2.6,2.2,1.4,1.4,25,18
2024,2025-04-03 19:00:00+00:00,Chelsea FC,Tottenham Hotspur FC,1.0,0.0,FINISHED,0,6,22,3,0,1.2,1.2,1.4,1.4,18,18
2024,2025-04-05 11:30:00+00:00,Everton FC,Arsenal FC,1.0,1.0,FINISHED,1,8,1,1,1,0.8,1.0,1.6,0.8,2,3
2024,2025-04-05 14:00:00+00:00,Crystal Palace FC,Brighton & Hove Albion FC,2.0,1.0,FINISHED,0,7,4,3,0,2.0,1.8,2.0,2.0,2,2
2024,2025-04-05 14:00:00+00:00,Ipswich Town FC,Wolverhampton Wanderers FC,1.0,2.0,FINISHED,2,10,24,0,3,0.6,1.4,2.0,1.2,2,3
2024,2025-04-05 14:00:00+00:00,West Ham United FC,AFC Bournemouth,2.0,2.0,FINISHED,1,23,0,1,1,1.4,0.8,0.2,1.0,3,2
2024,2025-04-05 16:30:00+00:00,Aston Villa FC,Nottingham Forest FC,2.0,1.0,FINISHED,0,2,18,3,0,2.0,1.8,2.0,1.8,2,3
2024,2025-04-06 13:00:00+00:00,Fulham FC,Liverpool FC,3.0,2.0,FINISHED,0,9,13,3,0,1.2,1.2,2.6,2.0,4,3
2024,2025-04-06 13:00:00+00:00,Tottenham Hotspur FC,Southampton FC,3.0,1.0,FINISHED,0,22,20,3,0,0.8,1.2,0.2,0.6,2,3
2024,2025-04-06 13:00:00+00:00,Brentford FC,Chelsea FC,0.0,0.0,FINISHED,1,3,6,1,1,1.4,1.6,1.8,1.4,3,2
2024,2025-04-06 15:30:00+00:00,Manchester United FC,Manchester City FC,0.0,0.0,FINISHED,1,16,15,1,1,1.6,1.8,1.4,1.0,4,3
2024,2025-04-12 11:30:00+00:00,Manchester City FC,Crystal Palace FC,5.0,2.0,FINISHED,0,15,7,3,0,1.6,1.0,2.6,2.0,5,6
2024,2025-04-12 14:00:00+00:00,Brighton & Hove Albion FC,Leicester City FC,2.0,2.0,FINISHED,1,4,12,1,1,1.4,1.4,0.0,0.0,7,4
2024,2025-04-12 14:00:00+00:00,Nottingham Forest FC,Everton FC,0.0,1.0,FINISHED,2,18,8,0,3,2.0,1.4,0.8,0.8,6,7
2024,2025-04-12 14:00:00+00:00,Southampton FC,Aston Villa FC,0.0,3.0,FINISHED,2,20,2,0,3,0.2,0.8,2.4,1.8,6,6
2024,2025-04-12 16:30:00+00:00,Arsenal FC,Brentford FC,1.0,1.0,FINISHED,1,1,3,1,1,1.8,1.0,1.0,0.8,7,6
2024,2025-04-13 13:00:00+00:00,Chelsea FC,Ipswich Town FC,2.0,2.0,FINISHED,1,6,10,1,1,2.0,1.2,0.6,1.4,7,7
2024,2025-04-13 13:00:00+00:00,Liverpool FC,West Ham United FC,2.0,1.0,FINISHED,0,13,23,3,0,2.4,2.0,1.0,1.0,7,7
2024,2025-04-13 13:00:00+00:00,Wolverhampton Wanderers FC,Tottenham Hotspur FC,4.0,2.0,FINISHED,0,24,22,3,0,2.0,1.4,0.8,1.0,7,7
2024,2025-04-13 15:30:00+00:00,Newcastle United FC,Manchester United FC,4.0,1.0,FINISHED,0,17,16,3,0,2.4,2.0,1.6,1.4,5,7
2024,2025-04-14 19:00:00+00:00,AFC Bournemouth,Fulham FC,1.0,0.0,FINISHED,0,0,9,3,0,0.4,1.4,1.8,1.8,9,8
2024,2025-04-16 18:30:00+00:00,Newcastle United FC,Crystal Palace FC,5.0,0.0,FINISHED,0,17,7,3,0,2.4,2.0,2.0,2.0,3,4
2024,2025-04-19 14:00:00+00:00,West Ham United FC,Southampton FC,1.0,1.0,FINISHED,1,23,20,1,1,0.4,0.8,0.2,0.8,6,7
2024,2025-04-19 14:00:00+00:00,Everton FC,Manchester City FC,0.0,2.0,FINISHED,2,8,15,0,3,1.2,0.8,1.6,1.8,7,7
2024,2025-04-19 14:00:00+00:00,Brentford FC,Brighton & Hove Albion FC,4.0,2.0,FINISHED,0,3,4,3,0,1.0,0.8,1.0,1.4,6,7
2024,2025-04-19 14:00:00+00:00,Crystal Palace FC,AFC Bournemouth,0.0,0.0,FINISHED,1,7,0,1,1,1.4,1.2,1.0,1.4,2,4
2024,2025-04-19 16:30:00+00:00,Aston Villa FC,Newcastle United FC,4.0,1.0,FINISHED,0,2,17,3,0,2.4,2.0,3.0,3.0,7,2
2024,2025-04-20 13:00:00+00:00,Fulham FC,Chelsea FC,1.0,2.0,FINISHED,2,9,6,0,3,1.2,1.4,1.6,0.8,5,7
2024,2025-04-20 13:00:00+00:00,Ipswich Town FC,Arsenal FC,0.0,4.0,FINISHED,2,10,1,0,3,0.8,1.4,1.8,1.2,7,7
2024,2025-04-20 13:00:00+00:00,Manchester United FC,Wolverhampton Wanderers FC,0.0,1.0,FINISHED,2,16,24,0,3,1.0,1.0,2.6,2.0,6,7
2024,2025-04-20 15:30:00+00:00,Leicester City FC,Liverpool FC,0.0,1.0,FINISHED,2,12,13,0,3,0.2,0.4,2.4,2.0,8,7
2024,2025-04-21 19:00:00+00:00,Tottenham Hotspur FC,Nottingham Forest FC,1.0,2.0,FINISHED,2,22,18,0,3,0.8,1.4,1.8,1.4,8,9
2024,2025-04-22 19:00:00+00:00,Manchester City FC,Aston Villa FC,2.0,1.0,FINISHED,0,15,2,3,0,2.2,2.2,3.0,2.6,3,3
2024,2025-04-23 19:00:00+00:00,Arsenal FC,Crystal Palace FC,2.0,2.0,FINISHED,1,1,7,1,1,2.2,1.8,1.0,1.0,3,4
2024,2025-04-26 11:30:00+00:00,Chelsea FC,Everton FC,1.0,0.0,FINISHED,0,6,8,3,0,1.6,1.0,1.0,0.6,5,6
2024,2025-04-26 14:00:00+00:00,Brighton & Hove Albion FC,West Ham United FC,3.0,2.0,FINISHED,0,4,23,3,0,0.4,1.4,0.6,1.0,7,7
2024,2025-04-26 14:00:00+00:00,Newcastle United FC,Ipswich Town FC,3.0,0.0,FINISHED,0,17,10,3,0,2.4,3.0,0.8,1.4,6,6
2024,2025-04-26 14:00:00+00:00,Southampton FC,Fulham FC,1.0,2.0,FINISHED,2,20,9,0,3,0.4,0.8,1.2,1.4,7,6
2024,2025-04-26 14:00:00+00:00,Wolverhampton Wanderers FC,Leicester City FC,3.0,0.0,FINISHED,0,24,12,3,0,3.0,2.0,0.2,0.4,6,5
2024,2025-04-27 13:00:00+00:00,AFC Bournemouth,Manchester United FC,1.0,1.0,FINISHED,1,0,16,1,1,1.0,1.0,0.8,0.8,7,7
2024,2025-04-27 15:30:00+00:00,Liverpool FC,Tottenham Hotspur FC,5.0,1.0,FINISHED,0,13,22,3,0,2.4,1.8,0.6,1.2,7,5
2024,2025-05-01 18:30:00+00:00,Nottingham Forest FC,Brentford FC,0.0,2.0,FINISHED,2,18,3,0,3,1.8,1.6,1.6,1.6,9,12
2024,2025-05-02 19:00:00+00:00,Manchester City FC,Wolverhampton Wanderers FC,1.0,0.0,FINISHED,0,15,24,3,0,2.6,2.2,3.0,2.2,10,6
2024,2025-05-03 11:30:00+00:00,Aston Villa FC,Fulham FC,1.0,0.0,FINISHED,0,2,9,3,0,2.4,2.6,1.2,1.4,10,6
2024,2025-05-03 14:00:00+00:00,Everton FC,Ipswich Town FC,2.0,2.0,FINISHED,1,8,10,1,1,0.8,0.4,0.8,1.0,7,7
2024,2025-05-03 14:00:00+00:00,Leicester City FC,Southampton FC,2.0,0.0,FINISHED,0,12,20,3,0,0.2,0.4,0.4,0.8,7,7
2024,2025-05-03 16:30:00+00:00,Arsenal FC,AFC Bournemouth,1.0,2.0,FINISHED,2,1,0,0,3,1.8,2.0,1.2,1.0,9,6
2024,2025-05-04 13:00:00+00:00,Brentford FC,Manchester United FC,4.0,3.0,FINISHED,0,3,16,3,0,1.6,1.6,0.4,0.4,2,7
2024,2025-05-04 13:00:00+00:00,Brighton & Hove Albion FC,Newcastle United FC,1.0,1.0,FINISHED,1,4,17,1,1,0.8,1.6,2.4,3.2,7,7
2024,2025-05-04 13:00:00+00:00,West Ham United FC,Tottenham Hotspur FC,1.0,1.0,FINISHED,1,23,22,1,1,0.4,1.2,0.6,1.4,7,6
2024,2025-05-04 15:30:00+00:00,Chelsea FC,Liverpool FC,3.0,1.0,FINISHED,0,6,13,3,0,2.2,1.2,2.4,2.2,8,7
2024,2025-05-05 19:00:00+00:00,Crystal Palace FC,Nottingham Forest FC,1.0,1.0,FINISHED,1,7,18,1,1,1.0,1.2,1.2,0.8,12,4
2024,2025-05-10 14:00:00+00:00,Fulham FC,Everton FC,1.0,3.0,FINISHED,2,9,8,0,3,1.2,1.2,1.0,0.8,7,7
2024,2025-05-10 14:00:00+00:00,Ipswich Town FC,Brentford FC,0.0,1.0,FINISHED,2,10,3,0,3,0.4,1.0,2.2,2.2,7,6
2024,2025-05-10 14:00:00+00:00,Southampton FC,Manchester City FC,0.0,0.0,FINISHED,1,20,15,1,1,0.2,0.6,2.6,2.0,7,7
2024,2025-05-10 14:00:00+00:00,Wolverhampton Wanderers FC,Brighton & Hove Albion FC,0.0,2.0,FINISHED,2,24,4,0,3,2.4,2.0,1.0,1.8,7,6
2024,2025-05-10 16:30:00+00:00,AFC Bournemouth,Aston Villa FC,0.0,1.0,FINISHED,2,0,2,0,3,1.8,1.2,2.4,2.2,7,7
2024,2025-05-11 11:00:00+00:00,Newcastle United FC,Chelsea FC,2.0,0.0,FINISHED,0,17,6,3,0,2.0,2.8,2.2,1.6,6,6
2024,2025-05-11 13:15:00+00:00,Tottenham Hotspur FC,Crystal Palace FC,0.0,2.0,FINISHED,2,22,7,0,3,0.8,1.6,0.6,1.0,7,5
2024,2025-05-11 13:15:00+00:00,Nottingham Forest FC,Leicester City FC,2.0,2.0,FINISHED,1,18,12,1,1,0.8,0.8,0.8,0.8,5,7
2024,2025-05-11 13:15:00+00:00,Manchester United FC,West Ham United FC,0.0,2.0,FINISHED,2,16,23,0,3,0.4,1.0,0.6,1.4,7,7
2024,2025-05-11 15:30:00+00:00,Liverpool FC,Arsenal FC,2.0,2.0,FINISHED,1,13,1,1,1,1.8,2.2,1.2,1.8,7,7
2024,2025-05-16 18:30:00+00:00,Aston Villa FC,Tottenham Hotspur FC,2.0,0.0,FINISHED,0,2,22,3,0,2.4,2.0,0.2,1.0,6,5
2024,2025-05-16 19:15:00+00:00,Chelsea FC,Manchester United FC,1.0,0.0,FINISHED,0,6,16,3,0,2.0,1.6,0.2,1.0,5,5
2024,2025-05-18 11:00:00+00:00,Everton FC,Southampton FC,2.0,0.0,FINISHED,0,8,20,3,0,1.4,1.2,0.4,0.4,7,7
2024,2025-05-18 13:15:00+00:00,West Ham United FC,Nottingham Forest FC,1.0,2.0,FINISHED,2,23,18,0,3,1.0,1.4,1.0,1.0,7,7
2024,2025-05-18 14:00:00+00:00,Brentford FC,Fulham FC,2.0,3.0,FINISHED,2,3,9,0,3,2.6,2.4,0.6,0.8,8,8
2024,2025-05-18 14:00:00+00:00,Leicester City FC,Ipswich Town FC,2.0,0.0,FINISHED,0,12,10,3,0,1.0,1.2,0.4,0.8,7,8
2024,2025-05-18 15:30:00+00:00,Arsenal FC,Newcastle United FC,1.0,0.0,FINISHED,0,1,17,3,0,1.2,2.0,2.0,2.4,7,7
2024,2025-05-19 19:00:00+00:00,Brighton & Hove Albion FC,Liverpool FC,3.0,2.0,FINISHED,0,4,13,3,0,1.6,2.0,2.0,2.2,9,8
2024,2025-05-20 19:00:00+00:00,Crystal Palace FC,Wolverhampton Wanderers FC,4.0,2.0,FINISHED,0,7,24,3,0,1.2,1.0,1.8,1.6,9,10
2024,2025-05-20 19:00:00+00:00,Manchester City FC,AFC Bournemouth,3.0,1.0,FINISHED,0,15,0,3,0,2.6,2.0,1.6,0.8,10,10
2024,2025-05-25 15:00:00+00:00,Wolverhampton Wanderers FC,Brentford FC,1.0,1.0,FINISHED,1,24,3,1,1,1.2,1.2,2.4,2.6,4,7
2024,2025-05-25 15:00:00+00:00,Tottenham Hotspur FC,Brighton & Hove Albion FC,1.0,4.0,FINISHED,2,22,4,0,3,0.2,0.6,2.0,2.2,8,5
2024,2025-05-25 15:00:00+00:00,Southampton FC,Arsenal FC,1.0,2.0,FINISHED,2,20,1,0,3,0.4,0.4,1.6,2.0,7,6
2024,2025-05-25 15:00:00+00:00,Nottingham Forest FC,Chelsea FC,0.0,1.0,FINISHED,2,18,6,0,3,1.6,1.4,2.4,1.4,7,8
2024,2025-05-25 15:00:00+00:00,Manchester United FC,Aston Villa FC,2.0,0.0,FINISHED,0,16,2,3,0,0.2,0.8,2.4,1.8,8,8
2024,2025-05-25 15:00:00+00:00,Liverpool FC,Crystal Palace FC,1.0,1.0,FINISHED,1,13,7,1,1,1.4,2.2,1.8,1.8,5,4
2024,2025-05-25 15:00:00+00:00,Newcastle United FC,Everton FC,0.0,1.0,FINISHED,2,17,8,0,3,1.4,1.4,1.4,1.4,6,7
2024,2025-05-25 15:00:00+00:00,Ipswich Town FC,West Ham United FC,1.0,3.0,FINISHED,2,10,23,0,3,0.2,0.4,1.0,1.4,7,7
2024,2025-05-25 15:00:00+00:00,Fulham FC,Manchester City FC,0.0,2.0,FINISHED,2,9,15,0,3,1.2,1.4,2.6,1.6,7,4
2024,2025-05-25 15:00:00+00:00,AFC Bournemouth,Leicester City FC,2.0,0.0,FINISHED,0,0,12,3,0,1.0,0.8,1.4,1.2,4,7
2025,2025-08-15 19:00:00+00:00,Liverpool FC,AFC Bournemouth,4.0,2.0,FINISHED,0,13,0,3,0,1.0,2.2,1.4,1.2,82,82
2025,2025-08-16 11:30:00+00:00,Aston Villa FC,Newcastle United FC,0.0,0.0,FINISHED,1,2,17,1,1,1.8,1.0,1.4,1.2,82,82
2025,2025-08-16 14:00:00+00:00,Brighton & Hove Albion FC,Fulham FC,1.0,1.0,FINISHED,1,4,9,1,1,2.6,2.6,1.2,1.2,82,82
2025,2025-08-16 14:00:00+00:00,Tottenham Hotspur FC,Burnley FC,3.0,0.0,FINISHED,0,22,5,3,0,0.2,0.6,0.8,1.6,82,453
2025,2025-08-16 16:30:00+00:00,Wolverhampton Wanderers FC,Manchester City FC,0.0,4.0,FINISHED,2,24,15,0,3,0.8,1.2,2.6,1.6,83,83
2025,2025-08-17 13:00:00+00:00,Nottingham Forest FC,Brentford FC,3.0,1.0,FINISHED,0,18,3,3,0,1.0,1.0,2.0,2.0,83,83
2025,2025-08-17 13:00:00+00:00,Chelsea FC,Crystal Palace FC,0.0,0.0,FINISHED,1,6,7,1,1,2.4,1.2,1.8,2.0,83,83
2025,2025-08-17 15:30:00+00:00,Manchester United FC,Arsenal FC,0.0,1.0,FINISHED,2,16,1,0,3,0.8,1.2,1.6,1.6,84,84
2025,2025-08-22 19:00:00+00:00,West Ham United FC,Chelsea FC,1.0,5.0,FINISHED,2,23,6,0,3,1.4,1.4,2.0,1.0,6,5
2025,2025-08-23 11:30:00+00:00,Manchester City FC,Tottenham Hotspur FC,0.0,2.0,FINISHED,2,15,22,0,3,2.6,2.0,0.8,1.0,6,6
2025,2025-08-23 14:00:00+00:00,AFC Bournemouth,Wolverhampton Wanderers FC,1.0,0.0,FINISHED,0,0,24,3,0,1.2,1.4,0.2,0.6,7,6
2025,2025-08-23 14:00:00+00:00,Brentford FC,Aston Villa FC,1.0,0.0,FINISHED,0,3,2,3,0,1.4,1.8,2.0,0.8,6,7
2025,2025-08-23 14:00:00+00:00,Burnley FC,Sunderland AFC,2.0,0.0,FINISHED,0,5,21,3,0,0.2,0.8,0.0,0.0,7,7
2025,2025-08-23 16:30:00+00:00,Arsenal FC,Leeds United FC,5.0,0.0,FINISHED,0,1,11,3,0,2.0,1.4,0.0,0.0,6,4
2025,2025-08-24 13:00:00+00:00,Crystal Palace FC,Nottingham Forest FC,1.0,1.0,FINISHED,1,7,18,1,1,1.8,1.6,1.6,1.6,7,7
2025,2025-08-24 13:00:00+00:00,Everton FC,Brighton & Hove Albion FC,2.0,0.0,FINISHED,0,8,4,3,0,2.0,1.6,2.2,2.2,5,7
2025,2025-08-24 15:30:00+00:00,Fulham FC,Manchester United FC,1.0,1.0,FINISHED,1,9,16,1,1,0.8,1.0,0.6,1.0,8,7
2025,2025-08-25 19:00:00+00:00,Newcastle United FC,Liverpool FC,2.0,3.0,FINISHED,2,17,13,0,3,1.0,0.6,1.0,2.0,9,10
2025,2025-08-30 11:30:00+00:00,Chelsea FC,Fulham FC,2.0,0.0,FINISHED,0,6,9,3,0,2.0,1.4,1.0,1.2,7,5
2025,2025-08-30 14:00:00+00:00,Manchester United FC,Burnley FC,3.0,2.0,FINISHED,0,16,5,3,0,0.8,0.6,0.6,1.0,5,7
2025,2025-08-30 14:00:00+00:00,Tottenham Hotspur FC,AFC Bournemouth,0.0,1.0,FINISHED,2,22,0,0,3,1.2,1.2,1.2,1.2,7,7
2025,2025-08-30 14:00:00+00:00,Wolverhampton Wanderers FC,Everton FC,2.0,3.0,FINISHED,2,24,8,0,3,0.2,0.6,2.4,1.6,7,6
2025,2025-08-31 13:00:00+00:00,Brighton & Hove Albion FC,Manchester City FC,2.0,1.0,FINISHED,0,4,15,3,0,2.0,2.0,2.0,1.8,7,8
2025,2025-08-31 13:00:00+00:00,Nottingham Forest FC,West Ham United FC,0.0,3.0,FINISHED,2,18,23,0,3,1.6,1.6,1.2,1.4,7,8
2025,2025-08-31 15:30:00+00:00,Liverpool FC,Arsenal FC,1.0,0.0,FINISHED,0,13,1,3,0,1.6,2.4,2.6,2.2,5,7
2025,2025-08-31 18:00:00+00:00,Aston Villa FC,Crystal Palace FC,0.0,3.0,FINISHED,2,2,7,0,3,1.4,0.6,1.8,1.6,8,7
2025,2025-09-13 11:30:00+00:00,Arsenal FC,Nottingham Forest FC,3.0,0.0,FINISHED,0,1,18,3,0,2.4,1.8,1.4,1.2,12,12
2025,2025-09-13 14:00:00+00:00,AFC Bournemouth,Brighton & Hove Albion FC,2.0,1.0,FINISHED,0,0,4,3,0,1.8,1.4,2.0,2.0,14,13
2025,2025-09-13 14:00:00+00:00,Crystal Palace FC,Sunderland AFC,0.0,0.0,FINISHED,1,7,21,1,1,1.8,1.8,0.0,0.0,12,14
2025,2025-09-13 14:00:00+00:00,Everton FC,Aston Villa FC,0.0,0.0,FINISHED,1,8,2,1,1,2.4,1.6,0.8,0.4,14,12
2025,2025-09-13 14:00:00+00:00,Fulham FC,Leeds United FC,1.0,0.0,FINISHED,0,9,11,3,0,1.0,1.0,0.0,0.0,14,13
2025,2025-09-13 14:00:00+00:00,Newcastle United FC,Wolverhampton Wanderers FC,1.0,0.0,FINISHED,0,17,24,3,0,0.4,0.4,0.2,1.0,13,14
2025,2025-09-13 16:30:00+00:00,West Ham United FC,Tottenham Hotspur FC,0.0,3.0,FINISHED,2,23,22,0,3,1.2,1.6,1.2,1.2,13,14
2025,2025-09-13 19:00:00+00:00,Brentford FC,Chelsea FC,2.0,2.0,FINISHED,1,3,6,1,1,0.8,1.2,2.6,1.8,14,14
2025,2025-09-14 13:00:00+00:00,Burnley FC,Liverpool FC,0.0,1.0,FINISHED,2,5,13,0,3,0.6,1.2,2.0,2.2,14,13
2025,2025-09-14 15:30:00+00:00,Manchester City FC,Manchester United FC,3.0,0.0,FINISHED,0,15,16,3,0,1.8,2.0,1.4,1.2,14,15
2025,2025-09-20 11:30:00+00:00,Liverpool FC,Everton FC,2.0,1.0,FINISHED,0,13,8,3,0,2.6,2.0,2.0,1.2,5,6
2025,2025-09-20 14:00:00+00:00,West Ham United FC,Crystal Palace FC,1.0,2.0,FINISHED,2,23,7,0,3,1.2,1.4,1.4,1.0,6,7
2025,2025-09-20 14:00:00+00:00,Wolverhampton Wanderers FC,Leeds United FC,1.0,3.0,FINISHED,2,24,11,0,3,0.2,0.6,0.0,0.0,7,7
2025,2025-09-20 14:00:00+00:00,Brighton & Hove Albion FC,Tottenham Hotspur FC,2.0,2.0,FINISHED,1,4,22,1,1,1.4,1.6,1.8,1.8,7,6
2025,2025-09-20 14:00:00+00:00,Burnley FC,Nottingham Forest FC,1.0,1.0,FINISHED,1,5,18,1,1,0.6,1.0,0.8,0.8,6,7
2025,2025-09-20 16:30:00+00:00,Manchester United FC,Chelsea FC,2.0,1.0,FINISHED,0,16,6,3,0,1.4,1.2,2.2,2.0,6,6
2025,2025-09-20 19:00:00+00:00,Fulham FC,Brentford FC,3.0,1.0,FINISHED,0,9,3,3,0,1.0,0.6,1.0,1.2,7,7
2025,2025-09-21 13:00:00+00:00,AFC Bournemouth,Newcastle United FC,0.0,0.0,FINISHED,1,0,17,1,1,2.4,1.6,1.0,0.6,7,7
2025,2025-09-21 15:30:00+00:00,Arsenal FC,Manchester City FC,1.0,1.0,FINISHED,1,1,15,1,1,2.4,2.2,1.8,2.0,8,7
2025,2025-09-27 11:30:00+00:00,Brentford FC,Manchester United FC,3.0,1.0,FINISHED,0,3,16,3,0,0.8,1.2,1.4,1.2,6,6
2025,2025-09-27 14:00:00+00:00,Manchester City FC,Burnley FC,5.0,1.0,FINISHED,0,15,5,3,0,1.4,1.8,0.8,1.0,5,7
2025,2025-09-27 14:00:00+00:00,Leeds United FC,AFC Bournemouth,2.0,2.0,FINISHED,1,11,0,1,1,1.4,0.8,2.0,1.2,7,6
2025,2025-09-27 14:00:00+00:00,Crystal Palace FC,Liverpool FC,2.0,1.0,FINISHED,0,7,13,3,0,1.8,1.2,3.0,2.2,7,7
2025,2025-09-27 14:00:00+00:00,Chelsea FC,Brighton & Hove Albion FC,1.0,3.0,FINISHED,2,6,4,0,3,1.6,2.0,1.0,1.2,6,7
2025,2025-09-27 16:30:00+00:00,Nottingham Forest FC,Sunderland AFC,0.0,1.0,FINISHED,2,18,21,0,3,1.0,1.0,1.6,1.2,7,6
2025,2025-09-27 19:00:00+00:00,Tottenham Hotspur FC,Wolverhampton Wanderers FC,1.0,1.0,FINISHED,1,22,24,1,1,2.0,2.0,0.0,0.6,7,7
2025,2025-09-28 13:00:00+00:00,Aston Villa FC,Fulham FC,3.0,1.0,FINISHED,0,2,9,3,0,0.6,0.2,1.6,1.2,7,7
2025,2025-09-28 15:30:00+00:00,Newcastle United FC,Arsenal FC,1.0,2.0,FINISHED,2,17,1,0,3,1.2,0.6,2.0,2.0,7,7
2025,2025-09-29 19:00:00+00:00,Everton FC,West Ham United FC,1.0,1.0,FINISHED,1,8,23,1,1,1.4,1.2,0.6,1.0,9,9
2025,2025-10-03 19:00:00+00:00,AFC Bournemouth,Fulham FC,3.0,1.0,FINISHED,0,0,9,3,0,2.2,1.2,1.4,1.2,6,5
2025,2025-10-04 11:30:00+00:00,Leeds United FC,Tottenham Hotspur FC,1.0,2.0,FINISHED,2,11,22,0,3,1.0,1.0,1.6,1.6,6,6
2025,2025-10-04 14:00:00+00:00,Arsenal FC,West Ham United FC,2.0,0.0,FINISHED,0,1,23,3,0,2.0,2.2,0.8,1.2,5,4
2025,2025-10-04 14:00:00+00:00,Manchester United FC,Sunderland AFC,2.0,0.0,FINISHED,0,16,21,3,0,1.4,1.4,1.6,0.8,7,6
2025,2025-10-04 16:30:00+00:00,Chelsea FC,Liverpool FC,2.0,1.0,FINISHED,0,6,13,3,0,1.4,2.2,2.4,1.6,7,7
2025,2025-10-05 13:00:00+00:00,Aston Villa FC,Burnley FC,2.0,1.0,FINISHED,0,2,5,3,0,1.0,0.8,0.8,1.2,7,7
2025,2025-10-05 13:00:00+00:00,Everton FC,Crystal Palace FC,2.0,1.0,FINISHED,0,8,7,3,0,1.6,1.4,2.2,1.6,5,7
2025,2025-10-05 13:00:00+00:00,Newcastle United FC,Nottingham Forest FC,2.0,0.0,FINISHED,0,17,18,3,0,1.0,0.8,0.4,0.4,6,7
2025,2025-10-05 13:00:00+00:00,Wolverhampton Wanderers FC,Brighton & Hove Albion FC,1.0,1.0,FINISHED,1,24,4,1,1,0.2,0.8,1.4,1.6,7,7
2025,2025-10-05 15:30:00+00:00,Brentford FC,Manchester City FC,0.0,1.0,FINISHED,2,3,15,0,3,1.4,1.6,1.4,2.0,8,8
2025,2025-10-18 11:30:00+00:00,Nottingham Forest FC,Chelsea FC,0.0,3.0,FINISHED,2,18,6,0,3,0.2,0.2,1.4,1.6,12,13
2025,2025-10-18 14:00:00+00:00,Sunderland AFC,Wolverhampton Wanderers FC,2.0,0.0,FINISHED,0,21,24,3,0,1.6,0.8,0.4,1.0,14,13
2025,2025-10-18 14:00:00+00:00,Manchester City FC,Everton FC,2.0,0.0,FINISHED,0,15,8,3,0,2.0,2.2,1.6,1.4,12,13
2025,2025-10-18 14:00:00+00:00,Burnley FC,Leeds United FC,2.0,0.0,FINISHED,0,5,11,3,0,0.2,1.0,1.0,1.2,13,14
2025,2025-10-18 14:00:00+00:00,Crystal Palace FC,AFC Bournemouth,3.0,3.0,FINISHED,1,7,0,1,1,2.0,1.6,2.2,1.6,13,14
2025,2025-10-18 14:00:00+00:00,Brighton & Hove Albion FC,Newcastle United FC,2.0,1.0,FINISHED,0,4,17,3,0,1.6,1.8,1.6,0.8,13,13
2025,2025-10-18 16:30:00+00:00,Fulham FC,Arsenal FC,0.0,1.0,FINISHED,2,9,1,0,3,1.2,1.2,2.0,1.6,14,14
2025,2025-10-19 13:00:00+00:00,Tottenham Hotspur FC,Aston Villa FC,1.0,2.0,FINISHED,2,22,2,0,3,1.6,1.6,1.6,1.2,15,14
2025,2025-10-19 15:30:00+00:00,Liverpool FC,Manchester United FC,1.0,2.0,FINISHED,2,13,16,0,3,1.8,1.2,1.8,1.6,14,15
2025,2025-10-20 19:00:00+00:00,West Ham United FC,Brentford FC,0.0,2.0,FINISHED,2,23,3,0,3,0.8,1.0,0.8,1.4,16,15
2025,2025-10-24 19:00:00+00:00,Leeds United FC,West Ham United FC,2.0,1.0,FINISHED,0,11,23,3,0,0.8,1.2,0.2,0.4,6,4
2025,2025-10-25 14:00:00+00:00,Newcastle United FC,Fulham FC,2.0,1.0,FINISHED,0,17,9,3,0,1.4,1.0,1.2,1.2,7,6
2025,2025-10-25 14:00:00+00:00,Chelsea FC,Sunderland AFC,1.0,2.0,FINISHED,2,6,21,0,3,1.4,1.8,1.6,0.8,7,7
2025,2025-10-25 16:30:00+00:00,Manchester United FC,Brighton & Hove Albion FC,4.0,2.0,FINISHED,0,16,4,3,0,1.8,1.4,1.6,1.8,6,7
2025,2025-10-25 19:00:00+00:00,Brentford FC,Liverpool FC,3.0,2.0,FINISHED,0,3,13,3,0,1.4,1.6,1.2,1.2,5,6
2025,2025-10-26 14:00:00+00:00,AFC Bournemouth,Nottingham Forest FC,2.0,0.0,FINISHED,0,0,18,3,0,1.8,2.0,0.2,0.2,8,8
2025,2025-10-26 14:00:00+00:00,Aston Villa FC,Manchester City FC,1.0,0.0,FINISHED,0,2,15,3,0,2.2,1.6,2.6,2.4,7,8
2025,2025-10-26 14:00:00+00:00,Arsenal FC,Crystal Palace FC,1.0,0.0,FINISHED,0,1,7,3,0,2.6,1.8,1.6,1.6,7,8
2025,2025-10-26 14:00:00+00:00,Wolverhampton Wanderers FC,Burnley FC,2.0,3.0,FINISHED,2,24,5,0,3,0.4,0.6,0.8,1.0,8,8
2025,2025-10-26 16:30:00+00:00,Everton FC,Tottenham Hotspur FC,0.0,3.0,FINISHED,2,8,22,0,3,1.0,0.8,1.6,1.8,8,7
2025,2025-11-01 15:00:00+00:00,Brighton & Hove Albion FC,Leeds United FC,3.0,0.0,FINISHED,0,4,11,3,0,1.6,2.0,1.4,1.6,6,7
2025,2025-11-01 15:00:00+00:00,Crystal Palace FC,Brentford FC,2.0,0.0,FINISHED,0,7,3,3,0,1.4,1.6,1.8,1.8,6,6
2025,2025-11-01 15:00:00+00:00,Burnley FC,Arsenal FC,0.0,2.0,FINISHED,2,5,1,0,3,1.4,1.6,2.6,1.4,6,6
2025,2025-11-01 15:00:00+00:00,Fulham FC,Wolverhampton Wanderers FC,3.0,0.0,FINISHED,0,9,24,3,0,0.6,1.2,0.4,1.0,7,6
2025,2025-11-01 15:00:00+00:00,Nottingham Forest FC,Manchester United FC,2.0,2.0,FINISHED,1,18,16,1,1,0.2,0.2,2.4,2.2,6,6
2025,2025-11-01 17:30:00+00:00,Tottenham Hotspur FC,Chelsea FC,0.0,1.0,FINISHED,2,22,6,0,3,1.6,1.8,1.2,1.6,6,7
2025,2025-11-01 20:00:00+00:00,Liverpool FC,Aston Villa FC,2.0,0.0,FINISHED,0,13,2,3,0,0.6,1.4,2.6,1.8,7,6
2025,2025-11-02 14:00:00+00:00,West Ham United FC,Newcastle United FC,3.0,1.0,FINISHED,0,23,17,3,0,0.2,0.6,1.4,1.2,8,8
2025,2025-11-02 16:30:00+00:00,Manchester City FC,AFC Bournemouth,3.0,1.0,FINISHED,0,15,0,3,0,2.0,1.8,1.8,2.0,7,7
2025,2025-11-03 20:00:00+00:00,Sunderland AFC,Everton FC,1.0,1.0,FINISHED,1,21,8,1,1,2.0,1.2,0.8,0.8,9,8
2025,2025-11-08 12:30:00+00:00,Tottenham Hotspur FC,Manchester United FC,2.0,2.0,FINISHED,1,22,16,1,1,1.4,1.4,2.0,2.2,6,6
2025,2025-11-08 15:00:00+00:00,Everton FC,Fulham FC,2.0,0.0,FINISHED,0,8,9,3,0,1.0,0.8,0.6,1.2,4,7
2025,2025-11-08 15:00:00+00:00,West Ham United FC,Burnley FC,3.0,2.0,FINISHED,0,23,5,3,0,0.8,1.0,1.2,1.4,6,7
2025,2025-11-08 17:30:00+00:00,Sunderland AFC,Arsenal FC,2.0,2.0,FINISHED,1,21,1,1,1,2.0,1.2,3.0,1.6,4,7
2025,2025-11-08 20:00:00+00:00,Chelsea FC,Wolverhampton Wanderers FC,3.0,0.0,FINISHED,0,6,24,3,0,1.8,1.6,0.4,0.8,7,7
2025,2025-11-09 14:00:00+00:00,Brentford FC,Newcastle United FC,3.0,1.0,FINISHED,0,3,17,3,0,1.8,1.6,1.2,1.4,7,7
2025,2025-11-09 14:00:00+00:00,Nottingham Forest FC,Leeds United FC,3.0,1.0,FINISHED,0,18,11,3,0,0.2,0.4,0.8,1.0,7,7
2025,2025-11-09 14:00:00+00:00,Aston Villa FC,AFC Bournemouth,4.0,0.0,FINISHED,0,2,0,3,0,2.4,1.6,1.6,2.2,7,6
2025,2025-11-09 14:00:00+00:00,Crystal Palace FC,Brighton & Hove Albion FC,0.0,0.0,FINISHED,1,7,4,1,1,1.4,1.6,2.0,2.2,7,7
2025,2025-11-09 16:30:00+00:00,Manchester City FC,Liverpool FC,3.0,0.0,FINISHED,0,15,13,3,0,2.4,2.2,0.6,1.4,7,7
2025,2025-11-22 12:30:00+00:00,Burnley FC,Chelsea FC,0.0,2.0,FINISHED,2,5,6,0,3,1.2,1.6,2.4,2.0,13,13
2025,2025-11-22 15:00:00+00:00,Wolverhampton Wanderers FC,Crystal Palace FC,0.0,2.0,FINISHED,2,24,7,0,3,0.2,0.6,1.0,1.2,13,13
2025,2025-11-22 15:00:00+00:00,AFC Bournemouth,West Ham United FC,2.0,2.0,FINISHED,1,0,23,1,1,1.4,1.8,1.2,1.4,13,14
2025,2025-11-22 15:00:00+00:00,Brighton & Hove Albion FC,Brentford FC,2.0,1.0,FINISHED,0,4,3,3,0,1.6,1.6,1.8,1.6,13,13
2025,2025-11-22 15:00:00+00:00,Fulham FC,Sunderland AFC,1.0,0.0,FINISHED,0,9,21,3,0,0.6,1.0,1.6,1.4,14,13
2025,2025-11-22 15:00:00+00:00,Liverpool FC,Nottingham Forest FC,0.0,3.0,FINISHED,2,13,18,0,3,0.6,1.2,0.8,1.0,12,13
2025,2025-11-22 17:30:00+00:00,Newcastle United FC,Manchester City FC,2.0,1.0,FINISHED,0,17,15,3,0,1.2,1.4,2.4,1.8,13,13
2025,2025-11-23 14:00:00+00:00,Leeds United FC,Aston Villa FC,1.0,2.0,FINISHED,2,11,2,0,3,0.6,0.8,2.4,1.8,14,14
2025,2025-11-23 16:30:00+00:00,Arsenal FC,Tottenham Hotspur FC,4.0,1.0,FINISHED,0,1,22,3,0,2.6,1.6,1.4,1.6,14,15
2025,2025-11-24 20:00:00+00:00,Manchester United FC,Everton FC,0.0,1.0,FINISHED,2,16,8,0,3,2.2,2.4,1.4,1.0,16,16
2025,2025-11-29 15:00:00+00:00,Sunderland AFC,AFC Bournemouth,3.0,2.0,FINISHED,0,21,0,3,0,1.6,1.4,1.0,1.6,7,7
2025,2025-11-29 15:00:00+00:00,Brentford FC,Burnley FC,3.0,1.0,FINISHED,0,3,5,3,0,1.8,1.8,1.2,1.4,7,7
2025,2025-11-29 15:00:00+00:00,Manchester City FC,Leeds United FC,3.0,2.0,FINISHED,0,15,11,3,0,1.8,1.8,0.6,0.8,6,6
2025,2025-11-29 17:30:00+00:00,Everton FC,Newcastle United FC,1.0,4.0,FINISHED,2,8,17,0,3,1.4,0.8,1.2,1.4,4,7
2025,2025-11-29 20:00:00+00:00,Tottenham Hotspur FC,Fulham FC,1.0,2.0,FINISHED,2,22,9,0,3,0.8,1.4,1.2,1.0,6,7
2025,2025-11-30 12:00:00+00:00,Crystal Palace FC,Manchester United FC,1.0,2.0,FINISHED,2,7,16,0,3,1.6,1.4,1.6,2.0,7,5
2025,2025-11-30 14:05:00+00:00,West Ham United FC,Liverpool FC,0.0,2.0,FINISHED,2,23,13,0,3,1.4,1.8,0.6,1.0,7,7
2025,2025-11-30 14:05:00+00:00,Aston Villa FC,Wolverhampton Wanderers FC,1.0,0.0,FINISHED,0,2,24,3,0,2.4,1.8,0.0,0.4,7,7
2025,2025-11-30 14:05:00+00:00,Nottingham Forest FC,Brighton & Hove Albion FC,0.0,2.0,FINISHED,2,18,4,0,3,1.4,1.6,2.0,1.8,7,7
2025,2025-11-30 16:30:00+00:00,Chelsea FC,Arsenal FC,1.0,1.0,FINISHED,1,6,1,1,1,2.4,2.0,2.6,2.0,8,7
2025,2025-12-02 19:30:00+00:00,AFC Bournemouth,Everton FC,0.0,1.0,FINISHED,2,0,8,0,3,0.8,1.4,1.4,1.0,3,3
2025,2025-12-02 19:30:00+00:00,Fulham FC,Manchester City FC,4.0,5.0,FINISHED,2,9,15,0,3,1.8,1.4,1.8,2.0,2,3
2025,2025-12-02 20:15:00+00:00,Newcastle United FC,Tottenham Hotspur FC,2.0,2.0,FINISHED,1,17,22,1,1,1.8,2.0,0.8,1.4,3,3
2025,2025-12-03 19:30:00+00:00,Burnley FC,Crystal Palace FC,0.0,1.0,FINISHED,2,5,7,0,3,0.6,1.2,1.4,1.0,4,3
2025,2025-12-03 19:30:00+00:00,Arsenal FC,Brentford FC,2.0,0.0,FINISHED,0,1,3,3,0,2.2,2.0,1.8,2.0,3,4
2025,2025-12-03 19:30:00+00:00,Brighton & Hove Albion FC,Aston Villa FC,3.0,4.0,FINISHED,2,4,2,0,3,2.0,1.8,2.4,1.6,3,3
2025,2025-12-03 20:15:00+00:00,Liverpool FC,Sunderland AFC,1.0,1.0,FINISHED,1,13,21,1,1,1.2,1.2,1.6,1.6,3,4
2025,2025-12-03 20:15:00+00:00,Leeds United FC,Chelsea FC,3.0,1.0,FINISHED,0,11,6,3,0,0.6,1.2,2.0,1.6,4,3
2025,2025-12-04 20:00:00+00:00,Manchester United FC,West Ham United FC,1.0,1.0,FINISHED,1,16,23,1,1,1.6,2.0,1.4,1.8,4,4
2025,2025-12-06 12:30:00+00:00,Aston Villa FC,Arsenal FC,2.0,1.0,FINISHED,0,2,1,3,0,2.4,2.2,2.2,2.2,2,2
2025,2025-12-06 15:00:00+00:00,AFC Bournemouth,Chelsea FC,0.0,0.0,FINISHED,1,0,6,1,1,0.2,1.0,2.0,1.6,3,2
2025,2025-12-06 15:00:00+00:00,Everton FC,Nottingham Forest FC,3.0,0.0,FINISHED,0,8,18,3,0,2.0,1.2,2.0,1.8,3,2
2025,2025-12-06 15:00:00+00:00,Manchester City FC,Sunderland AFC,3.0,0.0,FINISHED,0,15,21,3,0,2.4,3.0,1.2,1.4,3,2
2025,2025-12-06 15:00:00+00:00,Newcastle United FC,Burnley FC,2.0,1.0,FINISHED,0,17,5,3,0,1.4,2.0,0.0,0.6,3,2
2025,2025-12-06 15:00:00+00:00,Tottenham Hotspur FC,Brentford FC,2.0,0.0,FINISHED,0,22,3,3,0,0.4,1.2,1.2,1.4,3,2
2025,2025-12-06 17:30:00+00:00,Leeds United FC,Liverpool FC,3.0,3.0,FINISHED,1,11,13,1,1,0.6,1.4,1.4,1.0,2,2
2025,2025-12-07 14:00:00+00:00,Brighton & Hove Albion FC,West Ham United FC,1.0,1.0,FINISHED,1,4,23,1,1,2.0,2.0,1.6,1.8,3,2
2025,2025-12-07 16:30:00+00:00,Fulham FC,Crystal Palace FC,1.0,2.0,FINISHED,2,9,7,0,3,1.8,2.0,2.0,1.2,4,3
2025,2025-12-13 15:00:00+00:00,Chelsea FC,Everton FC,2.0,0.0,FINISHED,0,6,8,3,0,1.6,1.4,2.4,1.6,7,7
2025,2025-12-13 15:00:00+00:00,Liverpool FC,Brighton & Hove Albion FC,2.0,0.0,FINISHED,0,13,4,3,0,1.0,1.2,1.6,1.6,6,6
2025,2025-12-13 20:00:00+00:00,Arsenal FC,Wolverhampton Wanderers FC,2.0,1.0,FINISHED,0,1,24,3,0,1.6,2.0,0.0,0.2,7,5
2025,2025-12-14 14:00:00+00:00,Sunderland AFC,Newcastle United FC,1.0,0.0,FINISHED,0,21,17,3,0,1.0,1.2,2.0,2.2,7,7
2025,2025-12-14 14:00:00+00:00,Crystal Palace FC,Manchester City FC,0.0,3.0,FINISHED,2,7,15,0,3,2.0,1.2,2.4,3.0,6,7
2025,2025-12-14 14:00:00+00:00,Nottingham Forest FC,Tottenham Hotspur FC,3.0,0.0,FINISHED,0,18,22,3,0,1.8,1.4,1.0,1.6,7,7
2025,2025-12-14 14:00:00+00:00,West Ham United FC,Aston Villa FC,2.0,3.0,FINISHED,2,23,2,0,3,1.2,1.4,3.0,2.6,7,8
2025,2025-12-14 16:30:00+00:00,Brentford FC,Leeds United FC,1.0,1.0,FINISHED,1,3,11,1,1,1.2,1.4,0.8,2.0,8,7
2025,2025-12-15 20:00:00+00:00,Manchester United FC,AFC Bournemouth,4.0,4.0,FINISHED,1,16,0,1,1,1.6,1.8,0.4,0.8,7,9
2025,2025-12-20 12:30:00+00:00,Newcastle United FC,Chelsea FC,2.0,2.0,FINISHED,1,17,6,1,1,2.0,2.0,1.6,1.2,5,6
2025,2025-12-20 15:00:00+00:00,AFC Bournemouth,Burnley FC,1.0,1.0,FINISHED,1,0,5,1,1,0.6,1.6,0.0,0.8,4,6
2025,2025-12-20 15:00:00+00:00,Brighton & Hove Albion FC,Sunderland AFC,0.0,0.0,FINISHED,1,4,21,1,1,1.4,1.6,1.4,1.0,7,6
2025,2025-12-20 15:00:00+00:00,Manchester City FC,West Ham United FC,3.0,0.0,FINISHED,0,15,23,3,0,2.4,3.0,0.6,1.2,6,6
2025,2025-12-20 17:30:00+00:00,Tottenham Hotspur FC,Liverpool FC,1.0,2.0,FINISHED,2,22,13,0,3,0.8,1.2,1.6,1.6,6,7
2025,2025-12-20 20:00:00+00:00,Everton FC,Arsenal FC,0.0,1.0,FINISHED,2,8,1,0,3,1.8,1.2,2.0,2.0,7,7
2025,2025-12-20 20:00:00+00:00,Leeds United FC,Crystal Palace FC,4.0,1.0,FINISHED,0,11,7,3,0,1.0,2.0,1.8,1.2,6,6
2025,2025-12-21 16:30:00+00:00,Aston Villa FC,Manchester United FC,2.0,1.0,FINISHED,0,2,16,3,0,3.0,2.4,1.6,2.2,7,5
2025,2025-12-22 20:00:00+00:00,Fulham FC,Nottingham Forest FC,1.0,0.0,FINISHED,0,9,18,3,0,1.8,2.2,1.8,1.4,9,8
2025,2025-12-26 20:00:00+00:00,Manchester United FC,Newcastle United FC,1.0,0.0,FINISHED,0,16,17,3,0,1.6,2.4,1.6,2.0,5,6
2025,2025-12-27 12:30:00+00:00,Nottingham Forest FC,Manchester City FC,1.0,2.0,FINISHED,2,18,15,0,3,1.2,0.8,3.0,3.4,4,6
2025,2025-12-27 15:00:00+00:00,Arsenal FC,Brighton & Hove Albion FC,2.0,1.0,FINISHED,0,1,4,3,0,2.0,1.4,1.0,1.2,6,7
2025,2025-12-27 15:00:00+00:00,Brentford FC,AFC Bournemouth,4.0,1.0,FINISHED,0,3,0,3,0,1.4,1.2,0.6,1.4,7,7
2025,2025-12-27 15:00:00+00:00,Burnley FC,Everton FC,0.0,0.0,FINISHED,1,5,8,1,1,0.2,1.0,1.2,1.0,7,6
2025,2025-12-27 15:00:00+00:00,Liverpool FC,Wolverhampton Wanderers FC,2.0,1.0,FINISHED,0,13,24,3,0,2.2,2.0,0.0,0.4,6,7
2025,2025-12-27 15:00:00+00:00,West Ham United FC,Fulham FC,0.0,1.0,FINISHED,2,23,9,0,3,0.4,0.8,1.8,2.2,7,4
2025,2025-12-27 17:30:00+00:00,Chelsea FC,Aston Villa FC,1.0,2.0,FINISHED,2,6,2,0,3,1.2,1.2,3.0,2.4,7,6
2025,2025-12-28 14:00:00+00:00,Sunderland AFC,Leeds United FC,1.0,1.0,FINISHED,1,21,11,1,1,1.6,1.0,1.6,2.6,7,7
2025,2025-12-28 16:30:00+00:00,Crystal Palace FC,Tottenham Hotspur FC,0.0,1.0,FINISHED,2,7,22,0,3,1.2,1.0,0.8,1.2,7,7
2025,2025-12-30 19:30:00+00:00,Burnley FC,Newcastle United FC,1.0,3.0,FINISHED,2,5,17,0,3,0.4,0.8,1.0,1.2,3,3
2025,2025-12-30 19:30:00+00:00,Chelsea FC,AFC Bournemouth,2.0,2.0,FINISHED,1,6,0,1,1,1.0,1.2,0.6,1.2,3,3
2025,2025-12-30 19:30:00+00:00,Nottingham Forest FC,Everton FC,0.0,2.0,FINISHED,2,18,8,0,3,1.2,1.0,1.4,0.8,3,3
2025,2025-12-30 19:30:00+00:00,West Ham United FC,Brighton & Hove Albion FC,2.0,2.0,FINISHED,1,23,4,1,1,0.4,0.8,0.4,1.0,3,3
2025,2025-12-30 20:15:00+00:00,Arsenal FC,Aston Villa FC,4.0,1.0,FINISHED,0,1,2,3,0,2.4,1.6,3.0,2.6,3,3
2025,2025-12-30 20:15:00+00:00,Manchester United FC,Wolverhampton Wanderers FC,1.0,1.0,FINISHED,1,16,24,1,1,1.6,2.2,0.0,0.6,4,3
2025,2026-01-01 17:30:00+00:00,Liverpool FC,Leeds United FC,0.0,0.0,FINISHED,1,13,11,1,1,2.2,2.0,1.8,2.4,5,4
2025,2026-01-01 17:30:00+00:00,Crystal Palace FC,Fulham FC,1.0,1.0,FINISHED,1,7,9,1,1,1.2,0.8,1.8,2.0,4,5
2025,2026-01-01 20:00:00+00:00,Sunderland AFC,Manchester City FC,0.0,0.0,FINISHED,1,21,15,1,1,1.2,0.6,3.0,3.2,4,5
2025,2026-01-01 20:00:00+00:00,Brentford FC,Tottenham Hotspur FC,0.0,0.0,FINISHED,1,3,22,1,1,1.4,1.4,1.4,1.2,5,4
2025,2026-01-03 12:30:00+00:00,Aston Villa FC,Nottingham Forest FC,3.0,1.0,FINISHED,0,2,18,3,0,2.4,2.0,0.6,0.8,3,3
2025,2026-01-03 15:00:00+00:00,Brighton & Hove Albion FC,Burnley FC,2.0,0.0,FINISHED,0,4,5,3,0,0.6,0.8,0.4,1.0,3,3
2025,2026-01-03 15:00:00+00:00,Wolverhampton Wanderers FC,West Ham United FC,3.0,0.0,FINISHED,0,24,23,3,0,0.2,0.8,0.4,1.0,3,3
2025,2026-01-03 17:30:00+00:00,AFC Bournemouth,Arsenal FC,2.0,3.0,FINISHED,2,0,1,0,3,0.8,1.6,2.4,2.0,3,3
2025,2026-01-04 12:30:00+00:00,Leeds United FC,Manchester United FC,1.0,1.0,FINISHED,1,11,16,1,1,1.4,1.8,1.6,2.2,2,4
2025,2026-01-04 15:00:00+00:00,Everton FC,Brentford FC,2.0,4.0,FINISHED,2,8,3,0,3,1.4,1.0,1.6,1.4,4,2
2025,2026-01-04 15:00:00+00:00,Newcastle United FC,Crystal Palace FC,2.0,0.0,FINISHED,0,17,7,3,0,1.4,1.4,0.8,0.8,4,2
2025,2026-01-04 15:00:00+00:00,Tottenham Hotspur FC,Sunderland AFC,1.0,1.0,FINISHED,1,22,21,1,1,1.4,0.8,1.2,0.4,2,2
2025,2026-01-04 15:15:00+00:00,Fulham FC,Liverpool FC,2.0,2.0,FINISHED,1,9,13,1,1,2.0,1.4,2.2,1.8,2,2
2025,2026-01-04 17:30:00+00:00,Manchester City FC,Chelsea FC,1.0,1.0,FINISHED,1,15,6,1,1,2.6,2.2,1.2,1.4,2,4
2025,2026-01-06 20:00:00+00:00,West Ham United FC,Nottingham Forest FC,1.0,2.0,FINISHED,2,23,18,0,3,0.2,0.8,0.6,1.0,3,3
2025,2026-01-07 19:30:00+00:00,Manchester City FC,Brighton & Hove Albion FC,1.0,1.0,FINISHED,1,15,4,1,1,2.2,1.8,1.0,1.0,3,4
2025,2026-01-07 19:30:00+00:00,Fulham FC,Chelsea FC,2.0,1.0,FINISHED,0,9,6,3,0,2.2,1.6,1.2,1.6,3,3
2025,2026-01-07 19:30:00+00:00,Everton FC,Wolverhampton Wanderers FC,1.0,1.0,FINISHED,1,8,24,1,1,0.8,0.8,0.8,1.2,3,4
2025,2026-01-07 19:30:00+00:00,AFC Bournemouth,Tottenham Hotspur FC,3.0,2.0,FINISHED,0,0,22,3,0,0.6,2.0,1.0,0.6,4,3
2025,2026-01-07 19:30:00+00:00,Crystal Palace FC,Aston Villa FC,0.0,0.0,FINISHED,1,7,2,1,1,0.2,0.4,2.4,2.2,3,4
2025,2026-01-07 19:30:00+00:00,Brentford FC,Sunderland AFC,3.0,0.0,FINISHED,0,3,21,3,0,2.2,2.2,1.4,0.6,3,3
2025,2026-01-07 20:15:00+00:00,Burnley FC,Manchester United FC,2.0,2.0,FINISHED,1,5,16,1,1,0.4,0.8,1.2,1.6,4,3
2025,2026-01-07 20:15:00+00:00,Newcastle United FC,Leeds United FC,4.0,3.0,FINISHED,0,17,11,3,0,1.4,1.4,1.4,1.4,3,3
2025,2026-01-08 20:00:00+00:00,Arsenal FC,Liverpool FC,0.0,0.0,FINISHED,1,1,13,1,1,3.0,2.4,2.2,1.6,5,4
2025,2026-01-17 12:30:00+00:00,Manchester United FC,Manchester City FC,2.0,0.0,FINISHED,0,16,15,3,0,1.2,1.2,1.8,1.4,9,9
2025,2026-01-17 15:00:00+00:00,Sunderland AFC,Crystal Palace FC,2.0,1.0,FINISHED,0,21,7,3,0,0.8,0.4,0.4,0.4,9,9
2025,2026-01-17 15:00:00+00:00,Chelsea FC,Brentford FC,2.0,0.0,FINISHED,0,6,3,3,0,0.6,1.4,2.6,2.6,9,9
2025,2026-01-17 15:00:00+00:00,Liverpool FC,Burnley FC,1.0,1.0,FINISHED,1,13,5,1,1,1.8,1.2,0.6,0.8,8,9
2025,2026-01-17 15:00:00+00:00,Leeds United FC,Fulham FC,1.0,0.0,FINISHED,0,11,9,3,0,1.2,1.8,2.2,1.4,9,9
2025,2026-01-17 15:00:00+00:00,Tottenham Hotspur FC,West Ham United FC,1.0,2.0,FINISHED,2,22,23,0,3,1.0,1.0,0.2,0.6,9,10
2025,2026-01-17 17:30:00+00:00,Nottingham Forest FC,Arsenal FC,0.0,0.0,FINISHED,1,18,1,1,1,0.6,0.8,2.6,2.0,10,8
2025,2026-01-18 14:00:00+00:00,Wolverhampton Wanderers FC,Newcastle United FC,0.0,0.0,FINISHED,1,24,17,1,1,1.0,1.2,2.0,2.2,10,10
2025,2026-01-18 16:30:00+00:00,Aston Villa FC,Everton FC,0.0,1.0,FINISHED,2,2,8,0,3,2.0,1.6,1.0,1.0,10,10
2025,2026-01-19 20:00:00+00:00,Brighton & Hove Albion FC,AFC Bournemouth,1.0,1.0,FINISHED,1,4,0,1,1,1.2,1.2,1.0,1.8,12,12
2025,2026-01-24 12:30:00+00:00,West Ham United FC,Sunderland AFC,3.0,1.0,FINISHED,0,23,21,3,0,0.8,1.0,1.2,0.8,6,6
2025,2026-01-24 15:00:00+00:00,Burnley FC,Tottenham Hotspur FC,2.0,2.0,FINISHED,1,5,22,1,1,0.6,0.8,1.0,1.0,7,7
2025,2026-01-24 15:00:00+00:00,Fulham FC,Brighton & Hove Albion FC,2.0,1.0,FINISHED,0,9,4,3,0,1.6,1.2,1.2,1.4,7,4
2025,2026-01-24 15:00:00+00:00,Manchester City FC,Wolverhampton Wanderers FC,2.0,0.0,FINISHED,0,15,24,3,0,1.2,0.8,1.2,1.2,7,6
2025,2026-01-24 17:30:00+00:00,AFC Bournemouth,Liverpool FC,3.0,2.0,FINISHED,0,0,13,3,0,1.0,1.8,1.4,1.0,4,7
2025,2026-01-25 14:00:00+00:00,Crystal Palace FC,Chelsea FC,1.0,3.0,FINISHED,2,7,6,0,3,0.4,0.4,1.0,1.4,7,7
2025,2026-01-25 14:00:00+00:00,Brentford FC,Nottingham Forest FC,0.0,2.0,FINISHED,2,3,18,0,3,2.0,2.2,0.8,0.8,7,7
2025,2026-01-25 14:00:00+00:00,Newcastle United FC,Aston Villa FC,0.0,2.0,FINISHED,2,17,2,0,3,2.0,1.8,1.4,1.2,7,6
2025,2026-01-25 16:30:00+00:00,Arsenal FC,Manchester United FC,2.0,3.0,FINISHED,2,1,16,0,3,2.2,1.8,1.8,1.4,7,8
2025,2026-01-26 20:00:00+00:00,Everton FC,Leeds United FC,1.0,1.0,FINISHED,1,8,11,1,1,1.6,1.2,1.2,1.2,8,9
2025,2026-01-31 15:00:00+00:00,Brighton & Hove Albion FC,Everton FC,1.0,1.0,FINISHED,1,4,8,1,1,1.2,1.4,1.6,1.4,7,4
2025,2026-01-31 15:00:00+00:00,Leeds United FC,Arsenal FC,0.0,4.0,FINISHED,2,11,1,0,3,1.2,1.2,1.6,1.8,4,5
2025,2026-01-31 15:00:00+00:00,Wolverhampton Wanderers FC,AFC Bournemouth,0.0,2.0,FINISHED,2,24,0,0,3,1.2,1.0,1.6,2.2,7,6
2025,2026-01-31 17:30:00+00:00,Chelsea FC,West Ham United FC,3.0,2.0,FINISHED,0,6,23,3,0,1.6,1.8,1.4,1.6,6,7
2025,2026-01-31 20:00:00+00:00,Liverpool FC,Newcastle United FC,4.0,1.0,FINISHED,0,13,17,3,0,0.8,1.0,2.0,1.8,7,6
2025,2026-02-01 14:00:00+00:00,Manchester United FC,Fulham FC,3.0,2.0,FINISHED,0,16,9,3,0,1.8,1.8,1.6,1.4,6,7
2025,2026-02-01 14:00:00+00:00,Nottingham Forest FC,Crystal Palace FC,1.0,1.0,FINISHED,1,18,7,1,1,1.4,1.0,0.4,0.6,7,7
2025,2026-02-01 14:00:00+00:00,Aston Villa FC,Brentford FC,0.0,1.0,FINISHED,2,2,3,0,3,1.4,1.2,1.4,1.4,7,7
2025,2026-02-01 16:30:00+00:00,Tottenham Hotspur FC,Manchester City FC,2.0,2.0,FINISHED,1,22,15,1,1,0.6,1.2,1.2,0.8,8,8
2025,2026-02-02 20:00:00+00:00,Sunderland AFC,Burnley FC,3.0,0.0,FINISHED,0,21,5,3,0,1.0,0.8,0.6,1.2,9,9
2025,2026-02-06 20:00:00+00:00,Leeds United FC,Nottingham Forest FC,3.0,1.0,FINISHED,0,11,18,3,0,1.0,1.2,1.6,1.2,6,5
2025,2026-02-07 12:30:00+00:00,Manchester United FC,Tottenham Hotspur FC,2.0,0.0,FINISHED,0,16,22,3,0,2.2,2.2,0.6,1.6,5,5
2025,2026-02-07 15:00:00+00:00,AFC Bournemouth,Aston Villa FC,1.0,1.0,FINISHED,1,0,2,1,1,2.0,2.2,1.4,1.0,7,6
2025,2026-02-07 15:00:00+00:00,Arsenal FC,Sunderland AFC,3.0,0.0,FINISHED,0,1,21,3,0,1.6,1.8,1.4,1.4,7,4
2025,2026-02-07 15:00:00+00:00,Burnley FC,West Ham United FC,0.0,2.0,FINISHED,2,5,23,0,3,0.6,1.0,1.2,1.6,4,6
2025,2026-02-07 15:00:00+00:00,Fulham FC,Everton FC,1.0,2.0,FINISHED,2,9,8,0,3,1.4,1.6,1.2,1.2,6,7
2025,2026-02-07 15:00:00+00:00,Wolverhampton Wanderers FC,Chelsea FC,1.0,3.0,FINISHED,2,24,6,0,3,1.0,0.8,2.0,2.0,7,6
2025,2026-02-07 17:30:00+00:00,Newcastle United FC,Brentford FC,2.0,3.0,FINISHED,2,17,3,0,3,1.4,1.4,1.8,1.6,6,6
2025,2026-02-08 14:00:00+00:00,Brighton & Hove Albion FC,Crystal Palace FC,0.0,1.0,FINISHED,2,4,7,0,3,1.2,1.2,0.4,0.6,7,7
2025,2026-02-08 16:30:00+00:00,Liverpool FC,Manchester City FC,1.0,2.0,FINISHED,2,13,15,0,3,1.2,1.8,1.2,1.2,7,7
2025,2026-02-10 19:30:00+00:00,Tottenham Hotspur FC,Newcastle United FC,1.0,2.0,FINISHED,2,22,17,0,3,0.4,1.4,0.8,1.4,3,3
2025,2026-02-10 19:30:00+00:00,Chelsea FC,Leeds United FC,2.0,2.0,FINISHED,1,6,11,1,1,2.4,2.4,1.4,1.6,3,3
2025,2026-02-10 19:30:00+00:00,Everton FC,AFC Bournemouth,1.0,2.0,FINISHED,2,8,0,0,3,1.8,1.2,2.2,2.0,3,3
2025,2026-02-10 20:15:00+00:00,West Ham United FC,Manchester United FC,1.0,1.0,FINISHED,1,23,16,1,1,1.8,2.0,2.6,2.4,3,3
2025,2026-02-11 19:30:00+00:00,Aston Villa FC,Brighton & Hove Albion FC,1.0,0.0,FINISHED,0,2,4,3,0,1.0,0.6,0.6,0.8,4,3
2025,2026-02-11 19:30:00+00:00,Manchester City FC,Fulham FC,3.0,0.0,FINISHED,0,15,9,3,0,1.6,1.4,1.2,1.4,3,4
2025,2026-02-11 19:30:00+00:00,Nottingham Forest FC,Wolverhampton Wanderers FC,0.0,0.0,FINISHED,1,18,24,1,1,1.6,1.2,0.4,0.4,4,4
2025,2026-02-11 19:40:00+00:00,Crystal Palace FC,Burnley FC,2.0,3.0,FINISHED,2,7,5,0,3,1.0,0.8,0.6,1.0,3,4
2025,2026-02-11 20:15:00+00:00,Sunderland AFC,Liverpool FC,0.0,1.0,FINISHED,2,21,13,0,3,1.2,1.2,1.0,1.6,4,3
2025,2026-02-12 20:00:00+00:00,Brentford FC,Arsenal FC,1.0,1.0,FINISHED,1,3,1,1,1,1.8,1.4,1.6,1.8,5,5
2025,2026-02-18 20:00:00+00:00,Wolverhampton Wanderers FC,Arsenal FC,2.0,2.0,FINISHED,1,24,1,1,1,0.4,0.2,1.6,2.0,7,6
2025,2026-02-21 15:00:00+00:00,Aston Villa FC,Leeds United FC,1.0,1.0,FINISHED,1,2,11,1,1,1.4,0.8,1.6,1.4,9,10
2025,2026-02-21 15:00:00+00:00,Brentford FC,Brighton & Hove Albion FC,0.0,2.0,FINISHED,2,3,4,0,3,1.4,1.0,0.4,0.6,8,9
2025,2026-02-21 15:00:00+00:00,Chelsea FC,Burnley FC,1.0,1.0,FINISHED,1,6,5,1,1,2.6,2.6,1.0,1.2,10,9
2025,2026-02-21 17:30:00+00:00,West Ham United FC,AFC Bournemouth,0.0,0.0,FINISHED,1,23,0,1,1,2.0,2.0,2.2,1.8,10,10
2025,2026-02-21 20:00:00+00:00,Manchester City FC,Newcastle United FC,2.0,1.0,FINISHED,0,15,17,3,0,2.0,1.8,0.8,1.0,10,11
2025,2026-02-22 14:00:00+00:00,Sunderland AFC,Fulham FC,1.0,3.0,FINISHED,2,21,9,0,3,1.2,1.2,0.6,1.0,10,10
2025,2026-02-22 14:00:00+00:00,Crystal Palace FC,Wolverhampton Wanderers FC,1.0,0.0,FINISHED,0,7,24,3,0,0.8,1.2,0.4,0.6,10,3
2025,2026-02-22 14:00:00+00:00,Nottingham Forest FC,Liverpool FC,0.0,1.0,FINISHED,2,18,13,0,3,1.2,0.8,1.4,1.8,10,10
2025,2026-02-22 16:30:00+00:00,Tottenham Hotspur FC,Arsenal FC,1.0,4.0,FINISHED,2,22,1,0,3,0.4,1.2,1.6,2.4,11,3
2025,2026-02-23 20:00:00+00:00,Everton FC,Manchester United FC,0.0,1.0,FINISHED,2,8,16,0,3,1.6,1.2,2.6,2.2,13,12
2025,2026-02-27 20:00:00+00:00,Wolverhampton Wanderers FC,Aston Villa FC,2.0,0.0,FINISHED,0,24,2,3,0,0.4,0.6,1.6,1.0,5,6
2025,2026-02-28 12:30:00+00:00,AFC Bournemouth,Sunderland AFC,1.0,1.0,FINISHED,1,0,21,1,1,2.2,1.6,0.6,1.0,6,5
2025,2026-02-28 15:00:00+00:00,Burnley FC,Brentford FC,3.0,4.0,FINISHED,2,5,3,0,3,1.0,1.2,1.4,1.0,7,7
2025,2026-02-28 15:00:00+00:00,Liverpool FC,West Ham United FC,5.0,2.0,FINISHED,0,13,23,3,0,1.8,1.8,1.6,1.6,6,6
2025,2026-02-28 15:00:00+00:00,Newcastle United FC,Everton FC,2.0,3.0,FINISHED,2,17,8,0,3,0.6,1.2,1.0,1.0,6,4
2025,2026-02-28 17:30:00+00:00,Leeds United FC,Manchester City FC,0.0,1.0,FINISHED,2,11,15,0,3,1.2,1.4,2.6,2.2,7,6
2025,2026-03-01 14:00:00+00:00,Brighton & Hove Albion FC,Nottingham Forest FC,2.0,1.0,FINISHED,0,4,18,3,0,0.8,0.8,1.0,0.8,7,7
2025,2026-03-01 14:00:00+00:00,Fulham FC,Tottenham Hotspur FC,2.0,1.0,FINISHED,0,9,22,3,0,1.2,1.6,0.4,1.2,7,6
2025,2026-03-01 14:00:00+00:00,Manchester United FC,Crystal Palace FC,2.0,1.0,FINISHED,0,16,7,3,0,2.6,2.0,1.4,1.2,5,7
2025,2026-03-01 16:30:00+00:00,Arsenal FC,Chelsea FC,2.0,1.0,FINISHED,0,1,6,3,0,2.2,2.8,2.2,2.4,7,8
2025,2026-03-03 19:30:00+00:00,AFC Bournemouth,Brentford FC,0.0,0.0,FINISHED,1,0,3,1,1,1.8,1.2,2.0,1.8,3,3
2025,2026-03-03 19:30:00+00:00,Everton FC,Burnley FC,2.0,0.0,FINISHED,0,8,5,3,0,1.4,1.4,0.8,1.4,3,3
2025,2026-03-03 19:30:00+00:00,Leeds United FC,Sunderland AFC,0.0,1.0,FINISHED,2,11,21,0,3,1.0,1.2,0.8,1.0,3,3
2025,2026-03-03 20:15:00+00:00,Wolverhampton Wanderers FC,Liverpool FC,2.0,1.0,FINISHED,0,24,13,3,0,1.0,1.0,2.4,2.4,4,3
2025,2026-03-04 19:30:00+00:00,Fulham FC,West Ham United FC,0.0,1.0,FINISHED,2,9,23,0,3,1.2,1.6,1.0,1.4,3,4
2025,2026-03-04 19:30:00+00:00,Manchester City FC,Nottingham Forest FC,2.0,2.0,FINISHED,1,15,18,1,1,2.6,2.0,0.4,0.6,4,3
2025,2026-03-04 19:30:00+00:00,Aston Villa FC,Chelsea FC,1.0,4.0,FINISHED,2,2,6,0,3,1.0,0.6,1.6,2.0,4,3
2025,2026-03-04 19:30:00+00:00,Brighton & Hove Albion FC,Arsenal FC,0.0,1.0,FINISHED,2,4,1,0,3,1.4,1.0,2.2,2.4,3,3
2025,2026-03-04 20:15:00+00:00,Newcastle United FC,Manchester United FC,2.0,1.0,FINISHED,0,17,16,3,0,0.6,1.6,2.6,1.8,4,3
2025,2026-03-05 20:00:00+00:00,Tottenham Hotspur FC,Crystal Palace FC,1.0,3.0,FINISHED,2,22,7,0,3,0.2,1.0,1.4,1.2,4,4
2025,2026-03-14 15:00:00+00:00,Sunderland AFC,Brighton & Hove Albion FC,0.0,1.0,FINISHED,2,21,4,0,3,0.8,0.6,1.2,0.8,10,9
2025,2026-03-14 15:00:00+00:00,Burnley FC,AFC Bournemouth,0.0,0.0,FINISHED,1,5,0,1,1,0.8,1.4,1.4,0.8,10,10
2025,2026-03-14 17:30:00+00:00,Arsenal FC,Everton FC,2.0,0.0,FINISHED,0,1,8,3,0,2.2,2.0,1.8,1.6,9,10
2025,2026-03-14 17:30:00+00:00,Chelsea FC,Newcastle United FC,0.0,1.0,FINISHED,2,6,17,0,3,1.6,2.2,1.2,1.8,9,9
2025,2026-03-14 20:00:00+00:00,West Ham United FC,Manchester City FC,1.0,1.0,FINISHED,1,23,15,1,1,1.6,1.2,2.6,2.0,10,10
2025,2026-03-15 14:00:00+00:00,Crystal Palace FC,Leeds United FC,0.0,0.0,FINISHED,1,7,11,1,1,1.8,1.6,1.0,1.2,9,11
2025,2026-03-15 14:00:00+00:00,Manchester United FC,Aston Villa FC,3.0,1.0,FINISHED,0,16,2,3,0,2.0,1.4,1.0,0.8,10,10
2025,2026-03-15 14:00:00+00:00,Nottingham Forest FC,Fulham FC,0.0,0.0,FINISHED,1,18,9,1,1,0.4,0.8,1.2,1.2,10,10
2025,2026-03-15 16:30:00+00:00,Liverpool FC,Tottenham Hotspur FC,1.0,1.0,FINISHED,1,13,22,1,1,1.8,1.8,0.0,0.8,11,9
2025,2026-03-16 20:00:00+00:00,Brentford FC,Wolverhampton Wanderers FC,2.0,2.0,FINISHED,1,3,24,1,1,1.6,1.6,1.6,1.2,13,12
2025,2026-03-20 20:00:00+00:00,AFC Bournemouth,Manchester United FC,2.0,2.0,FINISHED,1,0,16,1,1,1.4,0.6,2.0,1.6,6,5
2025,2026-03-21 12:45:00+00:00,Brighton & Hove Albion FC,Liverpool FC,2.0,1.0,FINISHED,0,4,13,3,0,1.8,1.0,2.0,1.8,6,5
2025,2026-03-21 15:00:00+00:00,Fulham FC,Burnley FC,3.0,1.0,FINISHED,0,9,5,3,0,1.4,1.0,1.0,1.4,6,7
2025,2026-03-21 17:30:00+00:00,Everton FC,Chelsea FC,3.0,0.0,FINISHED,0,8,6,3,0,1.2,1.2,1.0,1.6,7,7
2025,2026-03-21 20:00:00+00:00,Leeds United FC,Brentford FC,0.0,0.0,FINISHED,1,11,3,1,1,0.6,0.6,1.2,1.4,6,5
2025,2026-03-22 12:00:00+00:00,Newcastle United FC,Sunderland AFC,1.0,2.0,FINISHED,2,17,21,0,3,1.8,1.6,0.8,0.6,7,7
2025,2026-03-22 14:15:00+00:00,Aston Villa FC,West Ham United FC,2.0,0.0,FINISHED,0,2,23,3,0,0.8,0.8,1.2,1.0,7,7
2025,2026-03-22 14:15:00+00:00,Tottenham Hotspur FC,Nottingham Forest FC,0.0,3.0,FINISHED,2,22,18,0,3,0.2,1.0,0.6,0.6,6,7
2025,2026-04-10 19:00:00+00:00,West Ham United FC,Wolverhampton Wanderers FC,4.0,0.0,FINISHED,0,23,24,3,0,1.0,0.8,1.6,1.6,19,24
2025,2026-04-11 11:30:00+00:00,Arsenal FC,AFC Bournemouth,1.0,2.0,FINISHED,2,1,0,0,3,2.6,2.2,1.0,0.6,27,21
2025,2026-04-11 14:00:00+00:00,Brentford FC,Everton FC,2.0,2.0,FINISHED,1,3,8,1,1,1.2,1.2,1.8,1.6,20,20
2025,2026-04-11 14:00:00+00:00,Burnley FC,Brighton & Hove Albion FC,0.0,2.0,FINISHED,2,5,4,0,3,0.4,1.0,2.4,1.4,20,21
2025,2026-04-11 16:30:00+00:00,Liverpool FC,Fulham FC,2.0,0.0,FINISHED,0,13,9,3,0,1.4,1.8,2.0,1.6,21,21
2025,2026-04-12 13:00:00+00:00,Sunderland AFC,Tottenham Hotspur FC,1.0,0.0,FINISHED,0,21,22,3,0,1.4,1.0,0.2,0.8,21,20
2025,2026-04-12 13:00:00+00:00,Crystal Palace FC,Newcastle United FC,2.0,1.0,FINISHED,0,7,17,3,0,1.4,1.4,1.2,1.4,27,21
2025,2026-04-12 13:00:00+00:00,Nottingham Forest FC,Aston Villa FC,1.0,1.0,FINISHED,1,18,2,1,1,1.0,1.2,0.8,1.0,20,20
2025,2026-04-12 15:30:00+00:00,Chelsea FC,Manchester City FC,0.0,3.0,FINISHED,2,6,15,0,3,0.8,1.2,2.2,1.8,21,28
2025,2026-04-13 19:00:00+00:00,Manchester United FC,Leeds United FC,1.0,2.0,FINISHED,2,16,11,0,3,2.0,1.8,0.6,0.2,23,22
2025,2026-04-18 11:30:00+00:00,Brentford FC,Fulham FC,0.0,0.0,FINISHED,1,3,9,1,1,1.4,1.6,1.4,1.0,6,6
2025,2026-04-18 14:00:00+00:00,Newcastle United FC,AFC Bournemouth,1.0,2.0,FINISHED,2,17,0,0,3,1.2,1.4,1.4,1.0,6,7
2025,2026-04-18 14:00:00+00:00,Leeds United FC,Wolverhampton Wanderers FC,3.0,0.0,FINISHED,0,11,24,3,0,1.0,0.4,1.4,1.2,4,7
2025,2026-04-18 16:30:00+00:00,Tottenham Hotspur FC,Brighton & Hove Albion FC,2.0,2.0,FINISHED,1,22,4,1,1,0.2,0.6,2.4,1.4,6,7
2025,2026-04-18 19:00:00+00:00,Chelsea FC,Manchester United FC,0.0,1.0,FINISHED,2,6,16,0,3,0.6,1.0,1.4,1.8,6,5
2025,2026-04-19 13:00:00+00:00,Nottingham Forest FC,Burnley FC,4.0,1.0,FINISHED,0,18,5,3,0,1.2,1.4,0.2,0.8,7,7
2025,2026-04-19 13:00:00+00:00,Aston Villa FC,Sunderland AFC,4.0,3.0,FINISHED,0,2,21,3,0,0.8,1.0,2.0,1.0,7,7
2025,2026-04-19 13:00:00+00:00,Everton FC,Liverpool FC,1.0,2.0,FINISHED,2,8,13,0,3,2.0,2.0,1.4,2.0,7,7
2025,2026-04-19 15:30:00+00:00,Manchester City FC,Arsenal FC,2.0,1.0,FINISHED,0,15,1,3,0,2.2,1.8,2.4,2.0,7,8
2025,2026-04-20 19:00:00+00:00,Crystal Palace FC,West Ham United FC,0.0,0.0,FINISHED,1,7,23,1,1,2.0,1.4,1.4,1.6,8,10
2025,2026-04-21 19:00:00+00:00,Brighton & Hove Albion FC,Chelsea FC,3.0,0.0,FINISHED,0,4,6,3,0,2.0,1.4,0.6,0.8,3,3
2025,2026-04-22 19:00:00+00:00,AFC Bournemouth,Leeds United FC,2.0,2.0,FINISHED,1,0,11,1,1,1.8,1.2,1.6,1.0,4,4
2025,2026-04-22 19:00:00+00:00,Burnley FC,Manchester City FC,0.0,1.0,FINISHED,2,5,15,0,3,0.2,0.4,2.2,1.8,3,3
2025,2026-04-24 19:00:00+00:00,Sunderland AFC,Nottingham Forest FC,0.0,5.0,FINISHED,2,21,18,0,3,1.8,1.4,1.8,2.0,5,5
2025,2026-04-25 11:30:00+00:00,Fulham FC,Aston Villa FC,1.0,0.0,FINISHED,0,9,2,3,0,1.0,0.6,1.4,1.8,7,5
2025,2026-04-25 14:00:00+00:00,Liverpool FC,Crystal Palace FC,3.0,1.0,FINISHED,0,13,7,3,0,1.4,1.4,1.6,1.2,6,4
2025,2026-04-25 14:00:00+00:00,West Ham United FC,Everton FC,2.0,1.0,FINISHED,0,23,8,3,0,1.6,1.2,1.4,1.6,4,6
2025,2026-04-25 14:00:00+00:00,Wolverhampton Wanderers FC,Tottenham Hotspur FC,0.0,1.0,FINISHED,2,24,22,0,3,1.4,1.2,0.4,0.8,7,6
2025,2026-04-25 16:30:00+00:00,Arsenal FC,Newcastle United FC,1.0,0.0,FINISHED,0,1,17,3,0,1.8,1.4,1.2,1.2,6,7
2025,2026-04-27 19:00:00+00:00,Manchester United FC,Brentford FC,2.0,1.0,FINISHED,0,16,3,3,0,1.4,1.6,1.0,0.8,9,9
